Batch,Name,Well,Fish,Measure,start2end
Surv 5 96hpf,Surv 5_96hpf_10Gy\Aufnahme-194334-0006.JPG,0:00:02.433843,0:00:04.889354,0:00:00.028473,0:00:07.358141
Surv 5 96hpf,Surv 5_96hpf_10Gy\Aufnahme-194336-0007.JPG,0:00:02.039659,0:00:03.960328,0:00:00.032338,0:00:06.038496
Surv 5 96hpf,Surv 5_96hpf_10Gy\Aufnahme-194340-0008.JPG,0:00:01.094678,0:00:04.451172,0:00:00.016698,0:00:05.562548
Surv 5 96hpf,Surv 5_96hpf_10Gy\Aufnahme-194355-0009.JPG,0:00:01.129618,0:00:04.761120,0:00:00.021952,0:00:05.919262
Surv 5 96hpf,Surv 5_96hpf_10Gy\Aufnahme-194400-0010.JPG,0:00:01.810776,0:00:06.910382,0:00:00.015622,0:00:08.743659
Surv 5 96hpf,Surv 5_96hpf_10Gy\Aufnahme-194548-0022.JPG,0:00:02.164942,0:00:05.906561,0:00:00.015623,0:00:08.087126
Surv 5 96hpf,Surv 5_96hpf_10Gy\Aufnahme-194616-0023.JPG,0:00:01.694979,0:00:03.052778,0:00:00.015631,0:00:04.763388
Surv 5 96hpf,Surv 5_96hpf_10Gy\Aufnahme-194622-0024.JPG,0:00:01.380586,0:00:05.814914,0:00:00.041135,0:00:07.236635
Surv 5 96hpf,Surv 5_96hpf_10Gy\Aufnahme-194627-0025.JPG,0:00:01.767512,0:00:04.587493,0:00:00.016389,0:00:06.371394
Surv 5 96hpf,Surv 5_96hpf_10Gy\Aufnahme-194631-0026.JPG,0:00:02.731681,0:00:03.799334,0:00:00.016059,0:00:06.547074
Surv 5 96hpf,Surv 5_96hpf_10Gy\Aufnahme-194636-0027.JPG,0:00:02.239582,0:00:03.239522,0:00:00.021983,0:00:05.501087
Surv 5 96hpf,Surv 5_96hpf_10Gy\Aufnahme-194712-0028.JPG,0:00:02.119773,0:00:03.870165,0:00:00.026768,0:00:06.016706
Surv 5 96hpf,Surv 5_96hpf_10Gy\Aufnahme-194717-0029.JPG,0:00:01.769400,0:00:03.811519,0:00:00.014625,0:00:05.595544
Surv 5 96hpf,Surv 5_96hpf_10Gy\Aufnahme-194747-0031.JPG,0:00:01.366123,0:00:03.390978,0:00:00.026262,0:00:04.799005
Surv 5 96hpf,Surv 5_96hpf_15Gy\Aufnahme-201136-0098.JPG,0:00:01.303263,0:00:03.724175,0:00:00.015628,0:00:05.043066
Surv 5 96hpf,Surv 5_96hpf_15Gy\Aufnahme-201139-0099.JPG,0:00:01.226916,0:00:03.556263,0:00:00.015635,0:00:04.798814
Surv 5 96hpf,Surv 5_96hpf_15Gy\Aufnahme-201155-0100.JPG,0:00:02.163478,0:00:03.158272,0:00:00.030755,0:00:05.352505
Surv 5 96hpf,Surv 5_96hpf_15Gy\Aufnahme-201158-0101.JPG,0:00:01.718107,0:00:04.373109,0:00:00.016685,0:00:06.111349
Surv 5 96hpf,Surv 5_96hpf_15Gy\Aufnahme-201204-0102.JPG,0:00:02.199285,0:00:03.837706,0:00:00.015630,0:00:06.052621
Surv 5 96hpf,Surv 5_96hpf_15Gy\Aufnahme-201342-0118.JPG,0:00:02.486866,0:00:03.725044,0:00:00.016663,0:00:06.244197
Surv 5 96hpf,Surv 5_96hpf_15Gy\Aufnahme-201346-0119.JPG,0:00:01.422091,0:00:04.287734,0:00:00.007936,0:00:05.733462
Surv 5 96hpf,Surv 5_96hpf_15Gy\Aufnahme-201350-0120.JPG,0:00:01.185869,0:00:04.255889,0:00:00.021712,0:00:05.463470
Surv 5 96hpf,Surv 5_96hpf_15Gy\Aufnahme-201353-0121.JPG,0:00:01.691538,0:00:04.608621,0:00:00.017795,0:00:06.317954
Surv 5 96hpf,Surv 5_96hpf_15Gy\Aufnahme-201356-0122.JPG,0:00:01.484375,0:00:04.171455,0:00:00.015657,0:00:05.687546
Surv 5 96hpf,Surv 5_96hpf_20Gy\Aufnahme-202042-0192.JPG,0:00:01.850041,0:00:02.644500,0:00:00.015632,0:00:04.510173
Surv 5 96hpf,Surv 5_96hpf_20Gy\Aufnahme-202044-0193.JPG,0:00:01.681243,0:00:03.992624,0:00:00.017346,0:00:05.691213
Surv 5 96hpf,Surv 5_96hpf_20Gy\Aufnahme-202047-0194.JPG,0:00:01.089115,0:00:03.588061,0:00:00.015628,0:00:04.692804
Surv 5 96hpf,Surv 5_96hpf_20Gy\Aufnahme-202050-0195.JPG,0:00:01.453836,0:00:03.739371,0:00:00.032332,0:00:05.225539
Surv 5 96hpf,Surv 5_96hpf_20Gy\Aufnahme-202050-0196.JPG,0:00:01.447736,0:00:03.926458,0:00:00.017690,0:00:05.391884
Surv 5 96hpf,Surv 5_96hpf_20Gy\Aufnahme-202129-0207.JPG,0:00:01.716959,0:00:04.069065,0:00:00.015626,0:00:05.801650
Surv 5 96hpf,Surv 5_96hpf_20Gy\Aufnahme-202132-0208.JPG,0:00:00.930802,0:00:03.862948,0:00:00.015625,0:00:04.819743
Surv 5 96hpf,Surv 5_96hpf_20Gy\Aufnahme-202135-0209.JPG,0:00:01.526607,0:00:03.441454,0:00:00.022008,0:00:05.005743
Surv 5 96hpf,Surv 5_96hpf_20Gy\Aufnahme-202140-0210.JPG,0:00:01.237462,0:00:03.836859,0:00:00.015919,0:00:05.090240
Surv 5 96hpf,Surv 5_96hpf_20Gy\Aufnahme-202143-0211.JPG,0:00:02.096551,0:00:04.063646,0:00:00.026887,0:00:06.187084
Surv 5 96hpf,Surv 5_96hpf_20Gy\Aufnahme-202156-0212.JPG,0:00:01.045555,0:00:04.351157,0:00:00.033582,0:00:05.430294
Surv 5 96hpf,Surv 5_96hpf_20Gy\Aufnahme-202201-0213.JPG,0:00:01.741827,0:00:03.784955,0:00:00.018659,0:00:05.545441
Surv 5 96hpf,Surv 5_96hpf_20Gy\Aufnahme-202204-0214.JPG,0:00:02.020423,0:00:04.032454,0:00:00.017010,0:00:06.069887
Surv 5 96hpf,Surv 5_96hpf_20Gy\Aufnahme-202206-0215.JPG,0:00:00.797310,0:00:04.438132,0:00:00.015630,0:00:05.251072
Surv 5 96hpf,Surv 5_96hpf_20Gy\Aufnahme-202209-0216.JPG,0:00:01.236333,0:00:03.332308,0:00:00.031582,0:00:04.600223
Surv 5 96hpf,Surv 5_96hpf_KO\Aufnahme-191021-0075.JPG,0:00:01.506208,0:00:04.449680,0:00:00.015628,0:00:05.987163
Surv 5 96hpf,Surv 5_96hpf_KO\Aufnahme-191112-0077.JPG,0:00:01.781867,0:00:03.639208,0:00:00.015634,0:00:05.436709
Surv 5 96hpf,Surv 5_96hpf_KO\Aufnahme-191127-0078.JPG,0:00:01.801349,0:00:04.351439,0:00:00.034699,0:00:06.187487
Surv 5 96hpf,Surv 5_96hpf_KO\Aufnahme-191134-0079.JPG,0:00:01.141448,0:00:04.080959,0:00:00.030664,0:00:05.253071
Surv 5 96hpf,Surv 5_96hpf_KO\Aufnahme-191317-0090.JPG,0:00:01.525064,0:00:03.426662,0:00:00.015612,0:00:04.967338
Surv 5 96hpf,Surv 5_96hpf_KO\Aufnahme-191325-0091.JPG,0:00:01.323909,0:00:04.111841,0:00:00.031464,0:00:05.467214
Surv 5 96hpf,Surv 5_96hpf_KO\Aufnahme-191332-0092.JPG,0:00:01.793034,0:00:04.645285,0:00:00.017461,0:00:06.455780
Surv 5 96hpf,Surv 5_96hpf_KO\Aufnahme-191343-0093.JPG,0:00:02.166175,0:00:05.226982,0:00:00.046277,0:00:07.447257
Surv 5 96hpf,Surv 5_96hpf_KO\Aufnahme-191413-0094.JPG,0:00:02.083981,0:00:06.167456,0:00:00.038563,0:00:08.291009
Surv 5 96hpf,Surv 5_96hpf_KO\Aufnahme-191418-0095.JPG,0:00:01.590655,0:00:04.093963,0:00:00.016698,0:00:05.704672
Surv 5 96hpf,Surv 5_96hpf_KO\Aufnahme-191425-0096.JPG,0:00:01.777121,0:00:05.040470,0:00:00.027751,0:00:06.845342
Surv 5 96hpf,Surv 5_96hpf_KO\Aufnahme-191428-0097.JPG,0:00:01.898525,0:00:04.403237,0:00:00.015627,0:00:06.317389
Surv 5 96hpf,Surv 5_96hpf_KO\Aufnahme-191433-0098.JPG,0:00:01.568778,0:00:05.257982,0:00:00.023479,0:00:06.868051
Surv 5 96hpf,Surv 5_96hpf_KO\Aufnahme-191438-0099.JPG,0:00:01.740337,0:00:04.105331,0:00:00.037139,0:00:05.887646
Surv 5 96hpf,Surv5_96 hpf_5Gy\Aufnahme-192518-0006.JPG,0:00:01.575880,0:00:03.954527,0:00:00.022043,0:00:05.553450
Surv 5 96hpf,Surv5_96 hpf_5Gy\Aufnahme-192522-0007.JPG,0:00:02.532746,0:00:05.164031,0:00:00.037687,0:00:07.734464
Surv 5 96hpf,Surv5_96 hpf_5Gy\Aufnahme-192531-0008.JPG,0:00:02.858282,0:00:04.143668,0:00:00.036769,0:00:07.038719
Surv 5 96hpf,Surv5_96 hpf_5Gy\Aufnahme-192540-0009.JPG,0:00:01.430886,0:00:05.011855,0:00:00.019336,0:00:06.464063
Surv 5 96hpf,Surv5_96 hpf_5Gy\Aufnahme-192607-0010.JPG,0:00:01.082394,0:00:04.396470,0:00:00.018310,0:00:05.497174
Surv 5 96hpf,Surv5_96 hpf_5Gy\Aufnahme-192724-0021.JPG,0:00:02.114769,0:00:03.638805,0:00:00.029735,0:00:05.783309
Surv 5 96hpf,Surv5_96 hpf_5Gy\Aufnahme-192729-0022.JPG,0:00:01.859248,0:00:03.926210,0:00:00.021180,0:00:05.807637
Surv 5 96hpf,Surv5_96 hpf_5Gy\Aufnahme-192740-0024.JPG,0:00:02.449616,0:00:03.312122,0:00:00.024778,0:00:05.788515
Surv 5 96hpf,Surv5_96 hpf_5Gy\Aufnahme-192746-0025.JPG,0:00:01.904982,0:00:05.781710,0:00:00.031873,0:00:07.723621
Surv 5 96hpf,Surv5_96 hpf_5Gy\Aufnahme-192751-0026.JPG,0:00:02.880750,0:00:05.715875,0:00:00.027744,0:00:08.631090
Surv 5 96hpf,Surv5_96 hpf_5Gy\Aufnahme-192756-0027.JPG,0:00:02.756172,0:00:04.648464,0:00:00.026932,0:00:07.436013
Surv 5 96hpf,Surv5_96 hpf_5Gy\Aufnahme-192801-0028.JPG,0:00:01.980703,0:00:04.878056,0:00:00.008884,0:00:06.867643
Surv 5 96hpf,Surv5_96 hpf_5Gy\Aufnahme-192806-0029.JPG,0:00:02.172231,0:00:06.321745,0:00:00.030294,0:00:08.539922
Surv 5 96hpf,Surv5_96 hpf_5Gy\Aufnahme-192815-0030.JPG,0:00:02.295721,0:00:04.334224,0:00:00.015639,0:00:06.669580
Surv 5 120hpf,Surv 5_120 hpf_10 Gy\Aufnahme-153839-0116.JPG,0:00:01.086888,0:00:06.066274,0:00:00,0:00:07.168666
Surv 5 120hpf,Surv 5_120 hpf_10 Gy\Aufnahme-153844-0117.JPG,0:00:02.037095,0:00:04.737666,0:00:00.035733,0:00:06.813639
Surv 5 120hpf,Surv 5_120 hpf_10 Gy\Aufnahme-153849-0118.JPG,0:00:01.913177,0:00:04.618295,0:00:00.015668,0:00:06.554171
Surv 5 120hpf,Surv 5_120 hpf_10 Gy\Aufnahme-153855-0119.JPG,0:00:01.919675,0:00:06.074593,0:00:00.032513,0:00:08.043207
Surv 5 120hpf,Surv 5_120 hpf_10 Gy\Aufnahme-153859-0120.JPG,0:00:02.743204,0:00:04.825963,0:00:00.041483,0:00:07.610650
Surv 5 120hpf,Surv 5_120 hpf_10 Gy\Aufnahme-154009-0131.JPG,0:00:02.097978,0:00:03.020329,0:00:00.015646,0:00:05.133953
Surv 5 120hpf,Surv 5_120 hpf_10 Gy\Aufnahme-154014-0132.JPG,0:00:01.585890,0:00:05.884277,0:00:00.030303,0:00:07.500470
Surv 5 120hpf,Surv 5_120 hpf_10 Gy\Aufnahme-154019-0133.JPG,0:00:01.489678,0:00:05.096885,0:00:00.017072,0:00:06.608433
Surv 5 120hpf,Surv 5_120 hpf_10 Gy\Aufnahme-154032-0134.JPG,0:00:01.065160,0:00:04.218803,0:00:00.015638,0:00:05.300717
Surv 5 120hpf,Surv 5_120 hpf_10 Gy\Aufnahme-154036-0135.JPG,0:00:01.450460,0:00:04.052307,0:00:00.038109,0:00:05.540876
Surv 5 120hpf,Surv 5_120 hpf_10 Gy\Aufnahme-154043-0136.JPG,0:00:01.730466,0:00:04.816936,0:00:00.077696,0:00:06.625098
Surv 5 120hpf,Surv 5_120 hpf_10 Gy\Aufnahme-154047-0137.JPG,0:00:01.612622,0:00:05.637093,0:00:00.047720,0:00:07.297970
Surv 5 120hpf,Surv 5_120 hpf_10 Gy\Aufnahme-154052-0138.JPG,0:00:02.057311,0:00:04.333075,0:00:00.028159,0:00:06.420523
Surv 5 120hpf,Surv 5_120 hpf_10 Gy\Aufnahme-154057-0139.JPG,0:00:02.280707,0:00:05.056617,0:00:00.051083,0:00:07.388407
Surv 5 120hpf,Surv 5_120 hpf_10 Gy\Aufnahme-154103-0140.JPG,0:00:01.731426,0:00:05.080290,0:00:00.031253,0:00:06.849230
Surv 5 120hpf,Surv 5_120 hpf_15 Gy\Aufnahme-160943-0205.JPG,0:00:01.113786,0:00:04.384401,0:00:00.024350,0:00:05.526909
Surv 5 120hpf,Surv 5_120 hpf_15 Gy\Aufnahme-160946-0206.JPG,0:00:01.823121,0:00:04.689373,0:00:00.015629,0:00:06.537680
Surv 5 120hpf,Surv 5_120 hpf_15 Gy\Aufnahme-160949-0207.JPG,0:00:01.370743,0:00:04.905237,0:00:00.034241,0:00:06.310221
Surv 5 120hpf,Surv 5_120 hpf_15 Gy\Aufnahme-160952-0208.JPG,0:00:02.438907,0:00:06.141884,0:00:00.047333,0:00:08.628124
Surv 5 120hpf,Surv 5_120 hpf_15 Gy\Aufnahme-160955-0209.JPG,0:00:02.082629,0:00:03.527702,0:00:00.029601,0:00:05.647742
Surv 5 120hpf,Surv 5_120 hpf_15 Gy\Aufnahme-161058-0225.JPG,0:00:01.623381,0:00:04.090695,0:00:00.012375,0:00:05.730771
Surv 5 120hpf,Surv 5_120 hpf_15 Gy\Aufnahme-161101-0226.JPG,0:00:01.511210,0:00:06.107568,0:00:00.069374,0:00:07.693427
Surv 5 120hpf,Surv 5_120 hpf_15 Gy\Aufnahme-161103-0227.JPG,0:00:01.443196,0:00:04.856649,0:00:00.013460,0:00:06.318991
Surv 5 120hpf,Surv 5_120 hpf_15 Gy\Aufnahme-161106-0228.JPG,0:00:02.461764,0:00:05.397869,0:00:00.035922,0:00:07.912240
Surv 5 120hpf,Surv 5_120 hpf_15 Gy\Aufnahme-161109-0229.JPG,0:00:01.901102,0:00:05.355424,0:00:00.035767,0:00:07.298065
Surv 5 120hpf,Surv 5_120 hpf_20 Gy\Aufnahme-161752-0295.JPG,0:00:01.458001,0:00:04.788768,0:00:00.023468,0:00:06.273584
Surv 5 120hpf,Surv 5_120 hpf_20 Gy\Aufnahme-161753-0296.JPG,0:00:01.711974,0:00:03.975164,0:00:00.015630,0:00:05.703559
Surv 5 120hpf,Surv 5_120 hpf_20 Gy\Aufnahme-161755-0297.JPG,0:00:01.393731,0:00:04.292141,0:00:00.029591,0:00:05.718464
Surv 5 120hpf,Surv 5_120 hpf_20 Gy\Aufnahme-161757-0298.JPG,0:00:01.646467,0:00:04.258510,0:00:00.024019,0:00:05.928996
Surv 5 120hpf,Surv 5_120 hpf_20 Gy\Aufnahme-161759-0299.JPG,0:00:02.172865,0:00:04.495962,0:00:00.021287,0:00:06.690114
Surv 5 120hpf,Surv 5_120 hpf_20 Gy\Aufnahme-161835-0310.JPG,0:00:01.618845,0:00:03.829947,0:00:00.024156,0:00:05.480036
Surv 5 120hpf,Surv 5_120 hpf_20 Gy\Aufnahme-161838-0311.JPG,0:00:01.244981,0:00:06.212504,0:00:00.027051,0:00:07.489706
Surv 5 120hpf,Surv 5_120 hpf_20 Gy\Aufnahme-161840-0312.JPG,0:00:02.047610,0:00:03.532764,0:00:00.028273,0:00:05.610431
Surv 5 120hpf,Surv 5_120 hpf_20 Gy\Aufnahme-161843-0313.JPG,0:00:01.832334,0:00:05.268304,0:00:00,0:00:07.105919
Surv 5 120hpf,Surv 5_120 hpf_20 Gy\Aufnahme-161854-0314.JPG,0:00:01.257165,0:00:04.274889,0:00:00.007960,0:00:05.555753
Surv 5 120hpf,Surv 5_120 hpf_20 Gy\Aufnahme-161857-0315.JPG,0:00:00.992971,0:00:04.315859,0:00:00,0:00:05.308830
Surv 5 120hpf,Surv 5_120 hpf_20 Gy\Aufnahme-161901-0316.JPG,0:00:00.829723,0:00:04.306375,0:00:00.029898,0:00:05.181651
Surv 5 120hpf,Surv 5_120 hpf_20 Gy\Aufnahme-161903-0317.JPG,0:00:01.064281,0:00:05.322982,0:00:00.017951,0:00:06.411063
Surv 5 120hpf,Surv 5_120 hpf_20 Gy\Aufnahme-161906-0318.JPG,0:00:02.016955,0:00:04.480656,0:00:00.033439,0:00:06.535347
Surv 5 120hpf,Surv 5_120 hpf_20 Gy\Aufnahme-161909-0319.JPG,0:00:01.997399,0:00:04.144790,0:00:00.024086,0:00:06.182722
Surv 5 120hpf,Surv 5_120 hpf_5 Gy\Aufnahme-152758-0053.JPG,0:00:01.731898,0:00:04.729839,0:00:00.040305,0:00:06.520485
Surv 5 120hpf,Surv 5_120 hpf_5 Gy\Aufnahme-152802-0054.JPG,0:00:02.513270,0:00:05.717307,0:00:00.033949,0:00:08.266202
Surv 5 120hpf,Surv 5_120 hpf_5 Gy\Aufnahme-152808-0055.JPG,0:00:02.074926,0:00:05.729648,0:00:00.033401,0:00:07.844562
Surv 5 120hpf,Surv 5_120 hpf_5 Gy\Aufnahme-152818-0056.JPG,0:00:01.740444,0:00:05.082542,0:00:00.039116,0:00:06.878872
Surv 5 120hpf,Surv 5_120 hpf_5 Gy\Aufnahme-152827-0057.JPG,0:00:02.229625,0:00:06.183247,0:00:00.044480,0:00:08.459792
Surv 5 120hpf,Surv 5_120 hpf_5 Gy\Aufnahme-153010-0068.JPG,0:00:00.864158,0:00:04.198117,0:00:00.015626,0:00:05.080592
Surv 5 120hpf,Surv 5_120 hpf_5 Gy\Aufnahme-153039-0069.JPG,0:00:02.323212,0:00:05.690614,0:00:00.027142,0:00:08.040968
Surv 5 120hpf,Surv 5_120 hpf_5 Gy\Aufnahme-153043-0070.JPG,0:00:01.917881,0:00:04.654723,0:00:00.052920,0:00:06.630482
Surv 5 120hpf,Surv 5_120 hpf_5 Gy\Aufnahme-153052-0072.JPG,0:00:02.199246,0:00:03.998888,0:00:00.031838,0:00:06.235110
Surv 5 120hpf,Surv 5_120 hpf_5 Gy\Aufnahme-153057-0073.JPG,0:00:01.871028,0:00:07.114931,0:00:00.038892,0:00:09.024851
Surv 5 120hpf,Surv 5_120 hpf_5 Gy\Aufnahme-153102-0074.JPG,0:00:02.265510,0:00:04.341589,0:00:00.033994,0:00:06.653115
Surv 5 120hpf,Surv 5_120 hpf_5 Gy\Aufnahme-153107-0075.JPG,0:00:01.203304,0:00:05.566104,0:00:00.026782,0:00:06.802180
Surv 5 120hpf,Surv 5_120 hpf_5 Gy\Aufnahme-153114-0076.JPG,0:00:01.493698,0:00:05.636767,0:00:00.030520,0:00:07.162983
Surv 5 120hpf,Surv 5_120 hpf_5 Gy\Aufnahme-153121-0077.JPG,0:00:02.757146,0:00:04.494388,0:00:00.033537,0:00:07.285690
Surv 5 120hpf,Surv 5_120 hpf_5 Gy\Aufnahme-153132-0078.JPG,0:00:01.930710,0:00:04.650100,0:00:00.023497,0:00:06.609896
Surv 5 120hpf,Surv 5_120 hpf_KO\Aufnahme-151605-0006.JPG,0:00:04.269991,0:00:05.114947,0:00:00.023100,0:00:09.414554
Surv 5 120hpf,Surv 5_120 hpf_KO\Aufnahme-151609-0007.JPG,0:00:02.593577,0:00:05.457217,0:00:00.032011,0:00:08.098456
Surv 5 120hpf,Surv 5_120 hpf_KO\Aufnahme-151618-0008.JPG,0:00:01.703606,0:00:04.980834,0:00:00.029989,0:00:06.716020
Surv 5 120hpf,Surv 5_120 hpf_KO\Aufnahme-151624-0009.JPG,0:00:02.336779,0:00:05.285497,0:00:00.021448,0:00:07.646799
Surv 5 120hpf,Surv 5_120 hpf_KO\Aufnahme-151630-0010.JPG,0:00:01.192506,0:00:05.336241,0:00:00.040125,0:00:06.570266
Surv 5 120hpf,Surv 5_120 hpf_KO\Aufnahme-151856-0020.JPG,0:00:01.833149,0:00:06.584360,0:00:00.039501,0:00:08.460401
Surv 5 120hpf,Surv 5_120 hpf_KO\Aufnahme-152016-0023.JPG,0:00:02.663797,0:00:04.641704,0:00:00.040657,0:00:07.351466
Surv 5 120hpf,Surv 5_120 hpf_KO\Aufnahme-152021-0024.JPG,0:00:01.804074,0:00:04.756855,0:00:00.033003,0:00:06.600755
Surv 5 120hpf,Surv 5_120 hpf_KO\Aufnahme-152040-0025.JPG,0:00:02.666584,0:00:04.217904,0:00:00.039302,0:00:06.924791
Surv 5 120hpf,Surv 5_120 hpf_KO\Aufnahme-152043-0026.JPG,0:00:01.523312,0:00:04.222718,0:00:00.036278,0:00:05.785834
Surv 5 120hpf,Surv 5_120 hpf_KO\Aufnahme-152051-0027.JPG,0:00:01.799389,0:00:04.221028,0:00:00.025940,0:00:06.047219
Surv 5 120hpf,Surv 5_120 hpf_KO\Aufnahme-152100-0028.JPG,0:00:01.445984,0:00:05.006063,0:00:00.038747,0:00:06.497530
Surv 5 120hpf,Surv 5_120 hpf_KO\Aufnahme-152107-0029.JPG,0:00:02.673490,0:00:05.651122,0:00:00.021817,0:00:08.350425
Surv 5 120hpf,Surv 5_120 hpf_KO\Aufnahme-152118-0030.JPG,0:00:01.833121,0:00:04.796398,0:00:00.013032,0:00:06.661903
Surv 6 96hpf,Surv 6_96 hpf_10 Gy\Aufnahme-165846-0648.JPG,0:00:01.187514,0:00:03.618529,0:00:00.006607,0:00:04.813647
Surv 6 96hpf,Surv 6_96 hpf_10 Gy\Aufnahme-165849-0649.JPG,0:00:00.916940,0:00:04.041516,0:00:00.017538,0:00:04.992171
Surv 6 96hpf,Surv 6_96 hpf_10 Gy\Aufnahme-165853-0650.JPG,0:00:01.073574,0:00:03.884854,0:00:00.029425,0:00:04.987853
Surv 6 96hpf,Surv 6_96 hpf_10 Gy\Aufnahme-165857-0651.JPG,0:00:01.071763,0:00:03.959871,0:00:00.022948,0:00:05.070371
Surv 6 96hpf,Surv 6_96 hpf_10 Gy\Aufnahme-165903-0652.JPG,0:00:01.375192,0:00:03.745727,0:00:00.017613,0:00:05.154233
Surv 6 96hpf,Surv 6_96 hpf_10 Gy\Aufnahme-165906-0653.JPG,0:00:01.639626,0:00:05.021066,0:00:00.029364,0:00:06.690056
Surv 6 96hpf,Surv 6_96 hpf_10 Gy\Aufnahme-165910-0654.JPG,0:00:01.422317,0:00:04.702228,0:00:00.015652,0:00:06.156997
Surv 6 96hpf,Surv 6_96 hpf_10 Gy\Aufnahme-170032-0668.JPG,0:00:01.333664,0:00:04.478059,0:00:00.027468,0:00:05.839191
Surv 6 96hpf,Surv 6_96 hpf_10 Gy\Aufnahme-170035-0669.JPG,0:00:01.161778,0:00:05.953324,0:00:00.037125,0:00:07.153229
Surv 6 96hpf,Surv 6_96 hpf_10 Gy\Aufnahme-170039-0670.JPG,0:00:02.211625,0:00:04.429109,0:00:00.048314,0:00:06.704697
Surv 6 96hpf,Surv 6_96 hpf_10 Gy\Aufnahme-170043-0671.JPG,0:00:00.949856,0:00:05.219537,0:00:00.108950,0:00:06.278343
Surv 6 96hpf,Surv 6_96 hpf_10 Gy\Aufnahme-170047-0672.JPG,0:00:01.848614,0:00:04.690812,0:00:00.031254,0:00:06.577883
Surv 6 96hpf,Surv 6_96 hpf_15 Gy\Aufnahme-172250-0741.JPG,0:00:01.595866,0:00:05.518025,0:00:00.019308,0:00:07.133199
Surv 6 96hpf,Surv 6_96 hpf_15 Gy\Aufnahme-172254-0742.JPG,0:00:02.374337,0:00:04.496579,0:00:00.040323,0:00:06.911856
Surv 6 96hpf,Surv 6_96 hpf_15 Gy\Aufnahme-172257-0743.JPG,0:00:02.282385,0:00:03.569261,0:00:00.017643,0:00:05.874090
Surv 6 96hpf,Surv 6_96 hpf_15 Gy\Aufnahme-172300-0744.JPG,0:00:02.193176,0:00:04.653367,0:00:00.048618,0:00:06.895161
Surv 6 96hpf,Surv 6_96 hpf_15 Gy\Aufnahme-172303-0745.JPG,0:00:02.862104,0:00:04.612218,0:00:00.036182,0:00:07.512609
Surv 6 96hpf,Surv 6_96 hpf_15 Gy\Aufnahme-172329-0752.JPG,0:00:01.806663,0:00:04.042801,0:00:00.019374,0:00:05.868838
Surv 6 96hpf,Surv 6_96 hpf_15 Gy\Aufnahme-172332-0753.JPG,0:00:02.231357,0:00:03.816980,0:00:00.039849,0:00:06.088186
Surv 6 96hpf,Surv 6_96 hpf_15 Gy\Aufnahme-172335-0754.JPG,0:00:02.203166,0:00:04.667856,0:00:00.026289,0:00:06.897311
Surv 6 96hpf,Surv 6_96 hpf_15 Gy\Aufnahme-172339-0755.JPG,0:00:02.374511,0:00:04.359586,0:00:00.034283,0:00:06.773418
Surv 6 96hpf,Surv 6_96 hpf_15 Gy\Aufnahme-172342-0756.JPG,0:00:01.580970,0:00:07.043686,0:00:00.056822,0:00:08.686019
Surv 6 96hpf,Surv 6_96 hpf_15 Gy\Aufnahme-172345-0757.JPG,0:00:01.767702,0:00:06.300428,0:00:00.030398,0:00:08.105203
Surv 6 96hpf,Surv 6_96 hpf_15 Gy\Aufnahme-172348-0758.JPG,0:00:02.137715,0:00:05.046907,0:00:00.035743,0:00:07.221364
Surv 6 96hpf,Surv 6_96 hpf_15 Gy\Aufnahme-172359-0759.JPG,0:00:02.027078,0:00:04.331712,0:00:00.023156,0:00:06.382941
Surv 6 96hpf,Surv 6_96 hpf_15 Gy\Aufnahme-172401-0760.JPG,0:00:03.004251,0:00:04.033459,0:00:00.037738,0:00:07.084661
Surv 6 96hpf,Surv 6_96 hpf_15 Gy\Aufnahme-172405-0761.JPG,0:00:01.668888,0:00:03.001873,0:00:00.024507,0:00:04.695268
Surv 6 96hpf,Surv 6_96 hpf_15 Gy\Aufnahme-172408-0762.JPG,0:00:01.883569,0:00:05.720408,0:00:00.018889,0:00:07.623540
Surv 6 96hpf,Surv 6_96 hpf_15 Gy\Aufnahme-172412-0763.JPG,0:00:01.889563,0:00:05.175813,0:00:00.028405,0:00:07.109464
Surv 6 96hpf,Surv 6_96 hpf_15 Gy\Aufnahme-172415-0764.JPG,0:00:01.946095,0:00:05.334977,0:00:00.033155,0:00:07.322043
Surv 6 96hpf,Surv 6_96 hpf_15 Gy\Aufnahme-172417-0765.JPG,0:00:01.949680,0:00:07.025579,0:00:00.032636,0:00:09.007895
Surv 6 96hpf,Surv 6_96 hpf_20 Gy\Aufnahme-173003-0833.JPG,0:00:02.571019,0:00:05.416610,0:00:00.008303,0:00:08.001453
Surv 6 96hpf,Surv 6_96 hpf_20 Gy\Aufnahme-173006-0834.JPG,0:00:00.852997,0:00:04.385003,0:00:00.017999,0:00:05.258996
Surv 6 96hpf,Surv 6_96 hpf_20 Gy\Aufnahme-173008-0835.JPG,0:00:01.910999,0:00:05.347999,0:00:00.008415,0:00:07.271412
Surv 6 96hpf,Surv 6_96 hpf_20 Gy\Aufnahme-173011-0836.JPG,0:00:01.803997,0:00:03.479997,0:00:00.017330,0:00:05.305323
Surv 6 96hpf,Surv 6_96 hpf_20 Gy\Aufnahme-173014-0837.JPG,0:00:01.286803,0:00:04.817203,0:00:00.084996,0:00:06.194002
Surv 6 96hpf,Surv 6_96 hpf_20 Gy\Aufnahme-173036-0843.JPG,0:00:02.337924,0:00:04.340960,0:00:00.009000,0:00:06.694880
Surv 6 96hpf,Surv 6_96 hpf_20 Gy\Aufnahme-173046-0844.JPG,0:00:02.007003,0:00:05.665854,0:00:00.016200,0:00:07.693275
Surv 6 96hpf,Surv 6_96 hpf_20 Gy\Aufnahme-173048-0845.JPG,0:00:01.107006,0:00:05.102743,0:00:00.018814,0:00:06.232813
Surv 6 96hpf,Surv 6_96 hpf_20 Gy\Aufnahme-173050-0846.JPG,0:00:01.012006,0:00:04.284994,0:00:00.019001,0:00:05.320001
Surv 6 96hpf,Surv 6_96 hpf_20 Gy\Aufnahme-173052-0847.JPG,0:00:01.085728,0:00:05.424268,0:00:00.020205,0:00:06.535201
Surv 6 96hpf,Surv 6_96 hpf_20 Gy\Aufnahme-173119-0854.JPG,0:00:01.492845,0:00:05.708212,0:00:00.068000,0:00:07.273211
Surv 6 96hpf,Surv 6_96 hpf_20 Gy\Aufnahme-173121-0855.JPG,0:00:02.167000,0:00:02.931001,0:00:00.011996,0:00:05.114997
Surv 6 96hpf,Surv 6_96 hpf_20 Gy\Aufnahme-173124-0856.JPG,0:00:01.536001,0:00:06.093001,0:00:00.020056,0:00:07.654055
Surv 6 96hpf,Surv 6_96 hpf_20 Gy\Aufnahme-173124-0857.JPG,0:00:01.583002,0:00:05.295780,0:00:00.048001,0:00:06.930782
Surv 6 96hpf,Surv 6_96 hpf_20 Gy\Aufnahme-173927-0947.JPG,0:00:01.632969,0:00:03.799998,0:00:00.024099,0:00:05.463097
Surv 6 96hpf,Surv 6_96 hpf_5 Gy\Aufnahme-164706-0553.JPG,0:00:01.904118,0:00:04.894881,0:00:00.026601,0:00:06.835598
Surv 6 96hpf,Surv 6_96 hpf_5 Gy\Aufnahme-164709-0554.JPG,0:00:01.654997,0:00:06.171929,0:00:00.091875,0:00:07.923800
Surv 6 96hpf,Surv 6_96 hpf_5 Gy\Aufnahme-164719-0556.JPG,0:00:01.760997,0:00:04.544002,0:00:00.030001,0:00:06.339992
Surv 6 96hpf,Surv 6_96 hpf_5 Gy\Aufnahme-164723-0557.JPG,0:00:01.029998,0:00:05.745117,0:00:00.008859,0:00:06.787976
Surv 6 96hpf,Surv 6_96 hpf_5 Gy\Aufnahme-164727-0558.JPG,0:00:00.911980,0:00:05.115414,0:00:00.009996,0:00:06.041411
Surv 6 96hpf,Surv 6_96 hpf_5 Gy\Aufnahme-164809-0564.JPG,0:00:01.043000,0:00:04.475000,0:00:00.011073,0:00:05.532072
Surv 6 96hpf,Surv 6_96 hpf_5 Gy\Aufnahme-164812-0565.JPG,0:00:01.684206,0:00:03.500002,0:00:00.013000,0:00:05.201668
Surv 6 96hpf,Surv 6_96 hpf_5 Gy\Aufnahme-164816-0566.JPG,0:00:01.383994,0:00:04.951221,0:00:00.028394,0:00:06.371613
Surv 6 96hpf,Surv 6_96 hpf_5 Gy\Aufnahme-164820-0567.JPG,0:00:01.722992,0:00:04.488001,0:00:00.025003,0:00:06.240001
Surv 6 96hpf,Surv 6_96 hpf_5 Gy\Aufnahme-164823-0568.JPG,0:00:03.017998,0:00:03.845999,0:00:00.028371,0:00:06.896367
Surv 6 96hpf,Surv 6_96 hpf_5 Gy\Aufnahme-164902-0573.JPG,0:00:01.088999,0:00:06.114054,0:00:00.035301,0:00:07.244459
Surv 6 96hpf,Surv 6_96 hpf_5 Gy\Aufnahme-164907-0574.JPG,0:00:00.760998,0:00:05.292264,0:00:00.029395,0:00:06.086658
Surv 6 96hpf,Surv 6_96 hpf_5 Gy\Aufnahme-164911-0575.JPG,0:00:02.200208,0:00:03.940790,0:00:00.029999,0:00:06.175997
Surv 6 96hpf,Surv 6_96 hpf_5 Gy\Aufnahme-164915-0576.JPG,0:00:02.590001,0:00:04.031955,0:00:00.014870,0:00:06.641826
Surv 6 96hpf,Surv 6_96 hpf_5 Gy\Aufnahme-164919-0577.JPG,0:00:03.281998,0:00:06.345261,0:00:00.022000,0:00:09.654990
Surv 6 96hpf,Surv 6_96 hpf_KO\Aufnahme-163504-0457.JPG,0:00:02.148923,0:00:03.679995,0:00:00.067597,0:00:05.900386
Surv 6 96hpf,Surv 6_96 hpf_KO\Aufnahme-163509-0458.JPG,0:00:01.116738,0:00:05.300261,0:00:00.033439,0:00:06.456436
Surv 6 96hpf,Surv 6_96 hpf_KO\Aufnahme-163543-0459.JPG,0:00:01.989998,0:00:05.045001,0:00:00.008001,0:00:07.046998
Surv 6 96hpf,Surv 6_96 hpf_KO\Aufnahme-163547-0460.JPG,0:00:01.206002,0:00:04.673996,0:00:00.009001,0:00:05.894725
Surv 6 96hpf,Surv 6_96 hpf_KO\Aufnahme-163550-0461.JPG,0:00:01.123015,0:00:04.741987,0:00:00.013893,0:00:05.881895
Surv 6 96hpf,Surv 6_96 hpf_KO\Aufnahme-163622-0467.JPG,0:00:01.742999,0:00:04.844999,0:00:00.027639,0:00:06.619638
Surv 6 96hpf,Surv 6_96 hpf_KO\Aufnahme-163626-0468.JPG,0:00:01.707002,0:00:05.447001,0:00:00.024562,0:00:07.182564
Surv 6 96hpf,Surv 6_96 hpf_KO\Aufnahme-163629-0469.JPG,0:00:02.748997,0:00:04.275999,0:00:00.025001,0:00:07.055321
Surv 6 96hpf,Surv 6_96 hpf_KO\Aufnahme-163709-0471.JPG,0:00:03.107317,0:00:05.431337,0:00:00.027662,0:00:08.570995
Surv 6 96hpf,Surv 6_96 hpf_KO\Aufnahme-163748-0477.JPG,0:00:01.546838,0:00:03.940403,0:00:00.103277,0:00:05.596280
Surv 6 96hpf,Surv 6_96 hpf_KO\Aufnahme-163752-0478.JPG,0:00:01.188998,0:00:05.963998,0:00:00.032006,0:00:07.190005
Surv 6 96hpf,Surv 6_96 hpf_KO\Aufnahme-163756-0479.JPG,0:00:02.707926,0:00:06.543027,0:00:00.040065,0:00:09.296009
Surv 6 96hpf,Surv 6_96 hpf_KO\Aufnahme-163800-0480.JPG,0:00:01.633994,0:00:05.191997,0:00:00.036935,0:00:06.869021
Surv 6 96hpf,Surv 6_96 hpf_KO\Aufnahme-163804-0481.JPG,0:00:02.572367,0:00:04.724996,0:00:00.030001,0:00:07.331850
Surv 6 120hpf,Surv 6_120 hpf_10 Gy\Aufnahme-102546-0006.JPG,0:00:02.031849,0:00:04.585291,0:00:00.020145,0:00:06.641108
Surv 6 120hpf,Surv 6_120 hpf_10 Gy\Aufnahme-102549-0007.JPG,0:00:01.174999,0:00:04.495010,0:00:00.027001,0:00:05.701210
Surv 6 120hpf,Surv 6_120 hpf_10 Gy\Aufnahme-102552-0008.JPG,0:00:01.611992,0:00:03.685171,0:00:00.030408,0:00:05.332575
Surv 6 120hpf,Surv 6_120 hpf_10 Gy\Aufnahme-102554-0009.JPG,0:00:00.841163,0:00:04.990024,0:00:00.020826,0:00:05.856016
Surv 6 120hpf,Surv 6_120 hpf_10 Gy\Aufnahme-102558-0010.JPG,0:00:02.680814,0:00:05.371511,0:00:00.030004,0:00:08.087075
Surv 6 120hpf,Surv 6_120 hpf_10 Gy\Aufnahme-102634-0021.JPG,0:00:01.704999,0:00:05.800377,0:00:00.031360,0:00:07.544738
Surv 6 120hpf,Surv 6_120 hpf_10 Gy\Aufnahme-102637-0022.JPG,0:00:03.220279,0:00:05.579650,0:00:00.060999,0:00:08.864774
Surv 6 120hpf,Surv 6_120 hpf_10 Gy\Aufnahme-102640-0023.JPG,0:00:02.442123,0:00:06.340033,0:00:00.034546,0:00:08.821702
Surv 6 120hpf,Surv 6_120 hpf_10 Gy\Aufnahme-102650-0024.JPG,0:00:01.717450,0:00:05.212552,0:00:00.013331,0:00:06.948331
Surv 6 120hpf,Surv 6_120 hpf_10 Gy\Aufnahme-102654-0025.JPG,0:00:02.040328,0:00:04.902912,0:00:00.054003,0:00:07.001373
Surv 6 120hpf,Surv 6_120 hpf_10 Gy\Aufnahme-102657-0026.JPG,0:00:01.824288,0:00:09.695476,0:00:00.029085,0:00:11.555909
Surv 6 120hpf,Surv 6_120 hpf_10 Gy\Aufnahme-102659-0027.JPG,0:00:01.579996,0:00:06.166005,0:00:00.020999,0:00:07.772001
Surv 6 120hpf,Surv 6_120 hpf_10 Gy\Aufnahme-102701-0028.JPG,0:00:02.826420,0:00:04.191225,0:00:00.023193,0:00:07.044835
Surv 6 120hpf,Surv 6_120 hpf_10 Gy\Aufnahme-102704-0029.JPG,0:00:01.920154,0:00:04.053645,0:00:00.024527,0:00:06.002328
Surv 6 120hpf,Surv 6_120 hpf_10 Gy\Aufnahme-102707-0030.JPG,0:00:00.878054,0:00:05.015118,0:00:00.030834,0:00:05.929006
Surv 6 120hpf,Surv 6_120 hpf_15 Gy\Aufnahme-103226-0007.JPG,0:00:00.835507,0:00:05.259017,0:00:00.010579,0:00:06.109104
Surv 6 120hpf,Surv 6_120 hpf_15 Gy\Aufnahme-103228-0008.JPG,0:00:00.785651,0:00:04.711349,0:00:00.020001,0:00:05.521968
Surv 6 120hpf,Surv 6_120 hpf_15 Gy\Aufnahme-103231-0009.JPG,0:00:01.941871,0:00:07.963263,0:00:00.009515,0:00:09.919649
Surv 6 120hpf,Surv 6_120 hpf_15 Gy\Aufnahme-103235-0010.JPG,0:00:01.511136,0:00:05.621535,0:00:00.019001,0:00:07.156673
Surv 6 120hpf,Surv 6_120 hpf_15 Gy\Aufnahme-103238-0011.JPG,0:00:02.359894,0:00:06.183471,0:00:00.024095,0:00:08.571564
Surv 6 120hpf,Surv 6_120 hpf_15 Gy\Aufnahme-103330-0021.JPG,0:00:02.125998,0:00:04.131186,0:00:00.013425,0:00:06.275582
Surv 6 120hpf,Surv 6_120 hpf_15 Gy\Aufnahme-103333-0022.JPG,0:00:02.628620,0:00:03.767066,0:00:00.020002,0:00:06.421166
Surv 6 120hpf,Surv 6_120 hpf_15 Gy\Aufnahme-103336-0023.JPG,0:00:01.344926,0:00:04.553450,0:00:00.026901,0:00:05.930277
Surv 6 120hpf,Surv 6_120 hpf_15 Gy\Aufnahme-103348-0024.JPG,0:00:02.714320,0:00:04.683946,0:00:00.008678,0:00:07.411941
Surv 6 120hpf,Surv 6_120 hpf_15 Gy\Aufnahme-103352-0025.JPG,0:00:00.805001,0:00:04.429278,0:00:00.027343,0:00:05.265591
Surv 6 120hpf,Surv 6_120 hpf_15 Gy\Aufnahme-103355-0026.JPG,0:00:03.223587,0:00:04.586276,0:00:00.017437,0:00:07.830134
Surv 6 120hpf,Surv 6_120 hpf_15 Gy\Aufnahme-103359-0027.JPG,0:00:01.617958,0:00:04.170228,0:00:00.024889,0:00:05.819195
Surv 6 120hpf,Surv 6_120 hpf_15 Gy\Aufnahme-103402-0028.JPG,0:00:02.360854,0:00:03.865406,0:00:00.008001,0:00:06.239259
Surv 6 120hpf,Surv 6_120 hpf_15 Gy\Aufnahme-103404-0029.JPG,0:00:00.937891,0:00:06.167100,0:00:00.063288,0:00:07.173281
Surv 6 120hpf,Surv 6_120 hpf_15 Gy\Aufnahme-103406-0030.JPG,0:00:02.069999,0:00:05.036900,0:00:00.026549,0:00:07.149448
Surv 6 120hpf,Surv 6_120 hpf_20 Gy\Aufnahme-104153-0006.JPG,0:00:03.467889,0:00:05.235603,0:00:00.028455,0:00:08.737067
Surv 6 120hpf,Surv 6_120 hpf_20 Gy\Aufnahme-104156-0007.JPG,0:00:02.506953,0:00:04.923135,0:00:00.010002,0:00:07.445103
Surv 6 120hpf,Surv 6_120 hpf_20 Gy\Aufnahme-104158-0008.JPG,0:00:01.342278,0:00:04.614602,0:00:00.018839,0:00:05.980250
Surv 6 120hpf,Surv 6_120 hpf_20 Gy\Aufnahme-104200-0009.JPG,0:00:02.107075,0:00:04.050189,0:00:00.012262,0:00:06.174452
Surv 6 120hpf,Surv 6_120 hpf_20 Gy\Aufnahme-104203-0010.JPG,0:00:03.103085,0:00:03.668737,0:00:00.012589,0:00:06.789414
Surv 6 120hpf,Surv 6_120 hpf_20 Gy\Aufnahme-104241-0021.JPG,0:00:01.349233,0:00:04.839644,0:00:00.029003,0:00:06.221130
Surv 6 120hpf,Surv 6_120 hpf_20 Gy\Aufnahme-104244-0022.JPG,0:00:02.046998,0:00:05.659676,0:00:00.022428,0:00:07.733102
Surv 6 120hpf,Surv 6_120 hpf_20 Gy\Aufnahme-104246-0023.JPG,0:00:02.158357,0:00:05.940187,0:00:00.055215,0:00:08.157757
Surv 6 120hpf,Surv 6_120 hpf_20 Gy\Aufnahme-104249-0024.JPG,0:00:01.807728,0:00:04.090446,0:00:00.035003,0:00:05.945178
Surv 6 120hpf,Surv 6_120 hpf_20 Gy\Aufnahme-104305-0025.JPG,0:00:01.684978,0:00:07.011767,0:00:00.027001,0:00:08.731761
Surv 6 120hpf,Surv 6_120 hpf_20 Gy\Aufnahme-104308-0026.JPG,0:00:01.199077,0:00:03.586540,0:00:00.019002,0:00:04.809619
Surv 6 120hpf,Surv 6_120 hpf_20 Gy\Aufnahme-104312-0027.JPG,0:00:01.364616,0:00:04.481147,0:00:00.011001,0:00:05.859701
Surv 6 120hpf,Surv 6_120 hpf_20 Gy\Aufnahme-104314-0028.JPG,0:00:01.505000,0:00:05.129003,0:00:00.022683,0:00:06.660686
Surv 6 120hpf,Surv 6_120 hpf_20 Gy\Aufnahme-104318-0029.JPG,0:00:02.238169,0:00:05.570106,0:00:00.025002,0:00:07.837276
Surv 6 120hpf,Surv 6_120 hpf_20 Gy\Aufnahme-104321-0030.JPG,0:00:01.728186,0:00:07.305372,0:00:00.023998,0:00:09.062554
Surv 6 120hpf,Surv 6_120 hpf_5 Gy\Aufnahme-101656-0001.JPG,0:00:02.043244,0:00:06.503307,0:00:00.011002,0:00:08.563551
Surv 6 120hpf,Surv 6_120 hpf_5 Gy\Aufnahme-101700-0002.JPG,0:00:02.558591,0:00:05.085998,0:00:00.078461,0:00:07.727050
Surv 6 120hpf,Surv 6_120 hpf_5 Gy\Aufnahme-101703-0003.JPG,0:00:02.400459,0:00:04.780540,0:00:00.033001,0:00:07.218998
Surv 6 120hpf,Surv 6_120 hpf_5 Gy\Aufnahme-101712-0006.JPG,0:00:01.877149,0:00:05.080222,0:00:00.014999,0:00:06.976595
Surv 6 120hpf,Surv 6_120 hpf_5 Gy\Aufnahme-101715-0007.JPG,0:00:00.913999,0:00:05.493090,0:00:00.034998,0:00:06.446085
Surv 6 120hpf,Surv 6_120 hpf_5 Gy\Aufnahme-101718-0008.JPG,0:00:01.320362,0:00:06.415372,0:00:00.031311,0:00:07.772931
Surv 6 120hpf,Surv 6_120 hpf_5 Gy\Aufnahme-101721-0009.JPG,0:00:03.022383,0:00:04.971623,0:00:00.026001,0:00:08.025358
Surv 6 120hpf,Surv 6_120 hpf_5 Gy\Aufnahme-101724-0010.JPG,0:00:00.864198,0:00:05.411240,0:00:00.048001,0:00:06.328439
Surv 6 120hpf,Surv 6_120 hpf_5 Gy\Aufnahme-101812-0021.JPG,0:00:02.867296,0:00:05.839591,0:00:00.053094,0:00:08.765806
Surv 6 120hpf,Surv 6_120 hpf_5 Gy\Aufnahme-101815-0022.JPG,0:00:01.892789,0:00:05.804295,0:00:00.027006,0:00:07.727088
Surv 6 120hpf,Surv 6_120 hpf_5 Gy\Aufnahme-101818-0023.JPG,0:00:01.828999,0:00:05.382518,0:00:00.031429,0:00:07.248022
Surv 6 120hpf,Surv 6_120 hpf_5 Gy\Aufnahme-101821-0024.JPG,0:00:02.009042,0:00:05.952519,0:00:00.036005,0:00:08.002569
Surv 6 120hpf,Surv 6_120 hpf_5 Gy\Aufnahme-101837-0026.JPG,0:00:02.312001,0:00:04.112517,0:00:00.062001,0:00:06.492455
Surv 6 120hpf,Surv 6_120 hpf_5 Gy\Aufnahme-101841-0027.JPG,0:00:01.356526,0:00:05.010988,0:00:00.021130,0:00:06.396073
Surv 6 120hpf,Surv 6_120 hpf_5 Gy\Aufnahme-101843-0028.JPG,0:00:01.196002,0:00:05.559983,0:00:00.036089,0:00:06.797308
Surv 6 120hpf,Surv 6_120 hpf_5 Gy\Aufnahme-101847-0029.JPG,0:00:02.155995,0:00:05.957899,0:00:00.043055,0:00:08.162055
Surv 6 120hpf,Surv 6_120 hpf_5 Gy\Aufnahme-101851-0030.JPG,0:00:01.951874,0:00:05.669167,0:00:00.017008,0:00:07.650212
Surv 6 120hpf,Surv 6_120 hpf_KO\Aufnahme-095049-0006.JPG,0:00:01.340998,0:00:04.606918,0:00:00.025649,0:00:05.979561
Surv 6 120hpf,Surv 6_120 hpf_KO\Aufnahme-095056-0008.JPG,0:00:01.674133,0:00:04.520665,0:00:00.061000,0:00:06.260800
Surv 6 120hpf,Surv 6_120 hpf_KO\Aufnahme-095100-0009.JPG,0:00:01.516999,0:00:04.957792,0:00:00.027406,0:00:06.515196
Surv 6 120hpf,Surv 6_120 hpf_KO\Aufnahme-095116-0010.JPG,0:00:01.174003,0:00:06.446330,0:00:00.010126,0:00:07.635455
Surv 6 120hpf,Surv 6_120 hpf_KO\Aufnahme-101005-0021.JPG,0:00:01.658001,0:00:06.931999,0:00:00.048533,0:00:08.642531
Surv 6 120hpf,Surv 6_120 hpf_KO\Aufnahme-101016-0022.JPG,0:00:01.967240,0:00:04.022169,0:00:00.031999,0:00:06.026639
Surv 6 120hpf,Surv 6_120 hpf_KO\Aufnahme-101019-0023.JPG,0:00:01.888155,0:00:04.996638,0:00:00.043027,0:00:06.933819
Surv 6 120hpf,Surv 6_120 hpf_KO\Aufnahme-101024-0024.JPG,0:00:02.741051,0:00:09.214738,0:00:00.031092,0:00:11.994830
Surv 6 120hpf,Surv 6_120 hpf_KO\Aufnahme-101027-0025.JPG,0:00:01.954786,0:00:08.499197,0:00:00.043957,0:00:10.504156
Surv 6 120hpf,Surv 6_120 hpf_KO\Aufnahme-101030-0026.JPG,0:00:02.559086,0:00:05.781205,0:00:00.027495,0:00:08.376792
Surv 6 120hpf,Surv 6_120 hpf_KO\Aufnahme-101033-0027.JPG,0:00:02.572631,0:00:08.985484,0:00:00.038755,0:00:11.602445
Surv 6 120hpf,Surv 6_120 hpf_KO\Aufnahme-101037-0028.JPG,0:00:02.032180,0:00:05.320025,0:00:00.030998,0:00:07.388202
Surv 6 120hpf,Surv 6_120 hpf_KO\Aufnahme-101041-0029.JPG,0:00:01.877998,0:00:05.327693,0:00:00.033037,0:00:07.244729
Surv 6 120hpf,Surv 6_120 hpf_KO\Aufnahme-101044-0030.JPG,0:00:01.949370,0:00:04.658406,0:00:00.025034,0:00:06.636809
Surv 7 96hpf,Surv 7_96 hpf_10 Gy\Aufnahme-111341-0006.JPG,0:00:01.062000,0:00:05.677004,0:00:00.022998,0:00:06.766002
Surv 7 96hpf,Surv 7_96 hpf_10 Gy\Aufnahme-111344-0007.JPG,0:00:01.327282,0:00:04.613715,0:00:00.016646,0:00:05.963646
Surv 7 96hpf,Surv 7_96 hpf_10 Gy\Aufnahme-111347-0008.JPG,0:00:01.539000,0:00:03.752113,0:00:00.022262,0:00:05.318373
Surv 7 96hpf,Surv 7_96 hpf_10 Gy\Aufnahme-111351-0009.JPG,0:00:01.264154,0:00:04.822844,0:00:00.012001,0:00:06.103998
Surv 7 96hpf,Surv 7_96 hpf_10 Gy\Aufnahme-111354-0010.JPG,0:00:01.362953,0:00:04.625954,0:00:00.022618,0:00:06.016616
Surv 7 96hpf,Surv 7_96 hpf_10 Gy\Aufnahme-111518-0026.JPG,0:00:01.390651,0:00:03.858347,0:00:00.009594,0:00:05.262572
Surv 7 96hpf,Surv 7_96 hpf_10 Gy\Aufnahme-111521-0027.JPG,0:00:01.206637,0:00:03.179755,0:00:00.019433,0:00:04.409430
Surv 7 96hpf,Surv 7_96 hpf_10 Gy\Aufnahme-111524-0028.JPG,0:00:00.830005,0:00:04.725068,0:00:00.032715,0:00:05.591790
Surv 7 96hpf,Surv 7_96 hpf_10 Gy\Aufnahme-111527-0029.JPG,0:00:01.102004,0:00:04.428996,0:00:00.013001,0:00:05.548998
Surv 7 96hpf,Surv 7_96 hpf_10 Gy\Aufnahme-111530-0030.JPG,0:00:01.395882,0:00:05.587307,0:00:00.033107,0:00:07.020413
Surv 7 96hpf,Surv 7_96 hpf_15 Gy\Aufnahme-113840-0006.JPG,0:00:01.612005,0:00:05.526995,0:00:00.022705,0:00:07.166545
Surv 7 96hpf,Surv 7_96 hpf_15 Gy\Aufnahme-113843-0007.JPG,0:00:02.160005,0:00:04.317995,0:00:00.028002,0:00:06.508869
Surv 7 96hpf,Surv 7_96 hpf_15 Gy\Aufnahme-113846-0008.JPG,0:00:01.387296,0:00:05.759412,0:00:00.010003,0:00:07.160711
Surv 7 96hpf,Surv 7_96 hpf_15 Gy\Aufnahme-113849-0009.JPG,0:00:01.846999,0:00:03.949580,0:00:00.022086,0:00:05.822665
Surv 7 96hpf,Surv 7_96 hpf_15 Gy\Aufnahme-113851-0010.JPG,0:00:02.239000,0:00:05.522998,0:00:00.027689,0:00:07.793687
Surv 7 96hpf,Surv 7_96 hpf_15 Gy\Aufnahme-113945-0026.JPG,0:00:01.533005,0:00:04.514995,0:00:00.021001,0:00:06.073001
Surv 7 96hpf,Surv 7_96 hpf_15 Gy\Aufnahme-113948-0027.JPG,0:00:01.733975,0:00:06.562092,0:00:00.054367,0:00:08.355455
Surv 7 96hpf,Surv 7_96 hpf_15 Gy\Aufnahme-113950-0028.JPG,0:00:02.210012,0:00:04.140969,0:00:00.018996,0:00:06.378999
Surv 7 96hpf,Surv 7_96 hpf_15 Gy\Aufnahme-113953-0029.JPG,0:00:01.576586,0:00:05.296973,0:00:00.025285,0:00:06.905289
Surv 7 96hpf,Surv 7_96 hpf_15 Gy\Aufnahme-113955-0030.JPG,0:00:01.454895,0:00:05.076999,0:00:00.024006,0:00:06.559006
Surv 7 96hpf,Surv 7_96 hpf_20 Gy\Aufnahme-114610-0006.JPG,0:00:01.539132,0:00:02.981467,0:00:00.011498,0:00:04.537109
Surv 7 96hpf,Surv 7_96 hpf_20 Gy\Aufnahme-114613-0007.JPG,0:00:01.330999,0:00:03.539998,0:00:00.024005,0:00:04.899002
Surv 7 96hpf,Surv 7_96 hpf_20 Gy\Aufnahme-114615-0008.JPG,0:00:01.174003,0:00:03.185997,0:00:00.009775,0:00:04.376775
Surv 7 96hpf,Surv 7_96 hpf_20 Gy\Aufnahme-114618-0009.JPG,0:00:01.095999,0:00:04.018999,0:00:00.029058,0:00:05.149053
Surv 7 96hpf,Surv 7_96 hpf_20 Gy\Aufnahme-114619-0010.JPG,0:00:00.972005,0:00:04.385997,0:00:00.012151,0:00:05.374151
Surv 7 96hpf,Surv 7_96 hpf_20 Gy\Aufnahme-114725-0026.JPG,0:00:00.818999,0:00:04.109002,0:00:00.020136,0:00:04.951136
Surv 7 96hpf,Surv 7_96 hpf_20 Gy\Aufnahme-114727-0027.JPG,0:00:00.916746,0:00:04.185250,0:00:00.011019,0:00:05.117015
Surv 7 96hpf,Surv 7_96 hpf_20 Gy\Aufnahme-114731-0028.JPG,0:00:01.215727,0:00:03.529269,0:00:00.015003,0:00:04.764000
Surv 7 96hpf,Surv 7_96 hpf_20 Gy\Aufnahme-114734-0029.JPG,0:00:02.494001,0:00:03.906997,0:00:00.023202,0:00:06.428201
Surv 7 96hpf,Surv 7_96 hpf_20 Gy\Aufnahme-114737-0030.JPG,0:00:00.893001,0:00:05.205998,0:00:00.020771,0:00:06.123768
Surv 7 96hpf,Surv 7_96 hpf_5 Gy\Aufnahme-110536-0006.JPG,0:00:01.825999,0:00:04.397997,0:00:00.041573,0:00:06.270560
Surv 7 96hpf,Surv 7_96 hpf_5 Gy\Aufnahme-110539-0007.JPG,0:00:01.488366,0:00:04.528998,0:00:00.026594,0:00:06.048594
Surv 7 96hpf,Surv 7_96 hpf_5 Gy\Aufnahme-110542-0008.JPG,0:00:01.606000,0:00:04.342999,0:00:00.015000,0:00:05.967999
Surv 7 96hpf,Surv 7_96 hpf_5 Gy\Aufnahme-110545-0009.JPG,0:00:01.413004,0:00:04.745997,0:00:00.022304,0:00:06.184307
Surv 7 96hpf,Surv 7_96 hpf_5 Gy\Aufnahme-110550-0010.JPG,0:00:01.854936,0:00:06.667997,0:00:00.024038,0:00:08.553020
Surv 7 96hpf,Surv 7_96 hpf_5 Gy\Aufnahme-110703-0026.JPG,0:00:01.473997,0:00:04.486000,0:00:00.028664,0:00:05.993662
Surv 7 96hpf,Surv 7_96 hpf_5 Gy\Aufnahme-110705-0027.JPG,0:00:00.863407,0:00:05.374977,0:00:00.036711,0:00:06.280094
Surv 7 96hpf,Surv 7_96 hpf_5 Gy\Aufnahme-110709-0028.JPG,0:00:02.228541,0:00:03.659000,0:00:00.016685,0:00:05.908682
Surv 7 96hpf,Surv 7_96 hpf_5 Gy\Aufnahme-110711-0029.JPG,0:00:01.946998,0:00:03.966076,0:00:00.012489,0:00:05.929558
Surv 7 96hpf,Surv 7_96 hpf_5 Gy\Aufnahme-110714-0030.JPG,0:00:01.142998,0:00:05.359225,0:00:00.032548,0:00:06.539476
Surv 7 96hpf,Surv 7_96 hpf_KO\Aufnahme-105728-0006.JPG,0:00:00.777007,0:00:03.339337,0:00:00.051100,0:00:04.172439
Surv 7 96hpf,Surv 7_96 hpf_KO\Aufnahme-105731-0007.JPG,0:00:01.180996,0:00:03.769036,0:00:00.030095,0:00:04.983984
Surv 7 96hpf,Surv 7_96 hpf_KO\Aufnahme-105734-0008.JPG,0:00:00.908999,0:00:05.918680,0:00:00.037875,0:00:06.870039
Surv 7 96hpf,Surv 7_96 hpf_KO\Aufnahme-105737-0009.JPG,0:00:01.968966,0:00:04.555856,0:00:00.016000,0:00:06.545994
Surv 7 96hpf,Surv 7_96 hpf_KO\Aufnahme-105740-0010.JPG,0:00:01.120001,0:00:05.178998,0:00:00.011641,0:00:06.314638
Surv 7 96hpf,Surv 7_96 hpf_KO\Aufnahme-105851-0026.JPG,0:00:01.469999,0:00:03.960999,0:00:00.029001,0:00:05.463999
Surv 7 96hpf,Surv 7_96 hpf_KO\Aufnahme-105854-0027.JPG,0:00:01.700001,0:00:04.241999,0:00:00.031716,0:00:05.978715
Surv 7 96hpf,Surv 7_96 hpf_KO\Aufnahme-105857-0028.JPG,0:00:00.916002,0:00:04.236997,0:00:00.025817,0:00:05.183815
Surv 7 96hpf,Surv 7_96 hpf_KO\Aufnahme-105900-0029.JPG,0:00:01.475000,0:00:04.026998,0:00:00.019000,0:00:05.525998
Surv 7 96hpf,Surv 7_96 hpf_KO\Aufnahme-105903-0030.JPG,0:00:01.283002,0:00:06.206997,0:00:00.034002,0:00:07.527998
Surv 7 120hpf,Surv 7_120 hpf_10 Gy\Aufnahme-094059-0006.JPG,0:00:00.973442,0:00:04.369367,0:00:00.026017,0:00:05.372862
Surv 7 120hpf,Surv 7_120 hpf_10 Gy\Aufnahme-094102-0007.JPG,0:00:01.504887,0:00:03.959000,0:00:00.028803,0:00:05.497798
Surv 7 120hpf,Surv 7_120 hpf_10 Gy\Aufnahme-094105-0008.JPG,0:00:01.381998,0:00:04.620000,0:00:00.022641,0:00:06.028639
Surv 7 120hpf,Surv 7_120 hpf_10 Gy\Aufnahme-094111-0009.JPG,0:00:00.742490,0:00:06.359412,0:00:00.065929,0:00:07.172493
Surv 7 120hpf,Surv 7_120 hpf_10 Gy\Aufnahme-094117-0010.JPG,0:00:01.451998,0:00:04.372000,0:00:00.021453,0:00:05.849891
Surv 7 120hpf,Surv 7_120 hpf_10 Gy\Aufnahme-094655-0021.JPG,0:00:01.720998,0:00:04.274999,0:00:00.035027,0:00:06.037023
Surv 7 120hpf,Surv 7_120 hpf_10 Gy\Aufnahme-094701-0022.JPG,0:00:01.340001,0:00:04.826996,0:00:00.012264,0:00:06.184259
Surv 7 120hpf,Surv 7_120 hpf_10 Gy\Aufnahme-094704-0023.JPG,0:00:01.377002,0:00:06.138816,0:00:00.020301,0:00:07.539118
Surv 7 120hpf,Surv 7_120 hpf_10 Gy\Aufnahme-094708-0024.JPG,0:00:01.263994,0:00:04.543999,0:00:00.028099,0:00:05.917097
Surv 7 120hpf,Surv 7_120 hpf_10 Gy\Aufnahme-094718-0025.JPG,0:00:01.646993,0:00:04.488225,0:00:00.055005,0:00:06.195232
Surv 7 120hpf,Surv 7_120 hpf_10 Gy\Aufnahme-094727-0027.JPG,0:00:01.404002,0:00:05.291130,0:00:00.040632,0:00:06.742760
Surv 7 120hpf,Surv 7_120 hpf_10 Gy\Aufnahme-094730-0028.JPG,0:00:01.179000,0:00:05.015039,0:00:00.009031,0:00:06.207068
Surv 7 120hpf,Surv 7_120 hpf_10 Gy\Aufnahme-094734-0029.JPG,0:00:01.710998,0:00:03.831004,0:00:00.035001,0:00:05.581002
Surv 7 120hpf,Surv 7_120 hpf_10 Gy\Aufnahme-094737-0030.JPG,0:00:01.316119,0:00:06.303879,0:00:00.041000,0:00:07.664956
Surv 7 120hpf,Surv 7_120 hpf_10 Gy\Aufnahme-094740-0031.JPG,0:00:01.969003,0:00:07.049995,0:00:00.039019,0:00:09.062017
Surv 7 120hpf,Surv 7_120 hpf_15 Gy\Aufnahme-102024-0006.JPG,0:00:02.262195,0:00:05.435802,0:00:00.026002,0:00:07.730999
Surv 7 120hpf,Surv 7_120 hpf_15 Gy\Aufnahme-102026-0007.JPG,0:00:00.787001,0:00:04.442998,0:00:00.021499,0:00:05.255499
Surv 7 120hpf,Surv 7_120 hpf_15 Gy\Aufnahme-102029-0008.JPG,0:00:01.011998,0:00:04.306002,0:00:00.022001,0:00:05.345999
Surv 7 120hpf,Surv 7_120 hpf_15 Gy\Aufnahme-102032-0009.JPG,0:00:02.103996,0:00:04.435002,0:00:00.041000,0:00:06.585002
Surv 7 120hpf,Surv 7_120 hpf_15 Gy\Aufnahme-102034-0010.JPG,0:00:01.258001,0:00:04.102997,0:00:00.013003,0:00:05.377999
Surv 7 120hpf,Surv 7_120 hpf_15 Gy\Aufnahme-102112-0021.JPG,0:00:00.971000,0:00:06.181898,0:00:00.019016,0:00:07.176914
Surv 7 120hpf,Surv 7_120 hpf_15 Gy\Aufnahme-102115-0022.JPG,0:00:01.257995,0:00:07.020002,0:00:00.012365,0:00:08.295367
Surv 7 120hpf,Surv 7_120 hpf_15 Gy\Aufnahme-102118-0023.JPG,0:00:01.576998,0:00:05.556083,0:00:00.035491,0:00:07.172564
Surv 7 120hpf,Surv 7_120 hpf_15 Gy\Aufnahme-102129-0024.JPG,0:00:01.096091,0:00:05.433743,0:00:00.028004,0:00:06.573692
Surv 7 120hpf,Surv 7_120 hpf_15 Gy\Aufnahme-102132-0025.JPG,0:00:00.648629,0:00:06.091099,0:00:00.015247,0:00:06.754975
Surv 7 120hpf,Surv 7_120 hpf_15 Gy\Aufnahme-102134-0026.JPG,0:00:01.929698,0:00:08.483392,0:00:00.027996,0:00:10.446085
Surv 7 120hpf,Surv 7_120 hpf_15 Gy\Aufnahme-102137-0027.JPG,0:00:01.711664,0:00:07.624497,0:00:00.043001,0:00:09.385162
Surv 7 120hpf,Surv 7_120 hpf_15 Gy\Aufnahme-102140-0028.JPG,0:00:01.711282,0:00:04.616155,0:00:00.068019,0:00:06.400457
Surv 7 120hpf,Surv 7_120 hpf_15 Gy\Aufnahme-102142-0029.JPG,0:00:03.753656,0:00:04.663294,0:00:00.039751,0:00:08.471643
Surv 7 120hpf,Surv 7_120 hpf_15 Gy\Aufnahme-102145-0030.JPG,0:00:01.571697,0:00:04.907856,0:00:00.042817,0:00:06.528365
Surv 7 120hpf,Surv 7_120 hpf_20 Gy\Aufnahme-102702-0006.JPG,0:00:01.867798,0:00:03.346402,0:00:00.030014,0:00:05.244214
Surv 7 120hpf,Surv 7_120 hpf_20 Gy\Aufnahme-102704-0007.JPG,0:00:01.546747,0:00:04.317109,0:00:00.040361,0:00:05.919846
Surv 7 120hpf,Surv 7_120 hpf_20 Gy\Aufnahme-102707-0008.JPG,0:00:01.607089,0:00:03.873869,0:00:00.031996,0:00:05.512954
Surv 7 120hpf,Surv 7_120 hpf_20 Gy\Aufnahme-102710-0009.JPG,0:00:00.943544,0:00:04.734612,0:00:00.032170,0:00:05.725968
Surv 7 120hpf,Surv 7_120 hpf_20 Gy\Aufnahme-102713-0010.JPG,0:00:00.862620,0:00:04.814321,0:00:00.027800,0:00:05.722675
Surv 7 120hpf,Surv 7_120 hpf_20 Gy\Aufnahme-102757-0021.JPG,0:00:01.757716,0:00:04.439117,0:00:00.033645,0:00:06.234477
Surv 7 120hpf,Surv 7_120 hpf_20 Gy\Aufnahme-102759-0022.JPG,0:00:01.344974,0:00:04.777951,0:00:00.028454,0:00:06.167087
Surv 7 120hpf,Surv 7_120 hpf_20 Gy\Aufnahme-102801-0023.JPG,0:00:01.426188,0:00:07.820254,0:00:00.038348,0:00:09.289218
Surv 7 120hpf,Surv 7_120 hpf_20 Gy\Aufnahme-102804-0024.JPG,0:00:01.165302,0:00:05.427734,0:00:00.046875,0:00:06.644915
Surv 7 120hpf,Surv 7_120 hpf_20 Gy\Aufnahme-102814-0025.JPG,0:00:01.079087,0:00:04.913844,0:00:00.039983,0:00:06.039914
Surv 7 120hpf,Surv 7_120 hpf_20 Gy\Aufnahme-102817-0026.JPG,0:00:01.261386,0:00:06.026828,0:00:00.024001,0:00:07.317216
Surv 7 120hpf,Surv 7_120 hpf_20 Gy\Aufnahme-102819-0027.JPG,0:00:03.535773,0:00:05.718116,0:00:00.030434,0:00:09.293352
Surv 7 120hpf,Surv 7_120 hpf_20 Gy\Aufnahme-102821-0028.JPG,0:00:02.901309,0:00:05.082730,0:00:00.015822,0:00:08.000481
Surv 7 120hpf,Surv 7_120 hpf_20 Gy\Aufnahme-102824-0029.JPG,0:00:00.928910,0:00:04.658825,0:00:00.015631,0:00:05.607963
Surv 7 120hpf,Surv 7_120 hpf_20 Gy\Aufnahme-102827-0030.JPG,0:00:00.766727,0:00:05.166156,0:00:00.039089,0:00:05.971972
Surv 7 120hpf,Surv 7_120 hpf_5 Gy\Aufnahme-093301-0006.JPG,0:00:00.899735,0:00:04.136996,0:00:00.024546,0:00:05.062277
Surv 7 120hpf,Surv 7_120 hpf_5 Gy\Aufnahme-093304-0007.JPG,0:00:02.020174,0:00:06.770881,0:00:00.036697,0:00:08.830848
Surv 7 120hpf,Surv 7_120 hpf_5 Gy\Aufnahme-093307-0008.JPG,0:00:03.097030,0:00:09.266490,0:00:00.047402,0:00:12.416478
Surv 7 120hpf,Surv 7_120 hpf_5 Gy\Aufnahme-093310-0009.JPG,0:00:02.852894,0:00:08.406451,0:00:00.055034,0:00:11.336233
Surv 7 120hpf,Surv 7_120 hpf_5 Gy\Aufnahme-093313-0010.JPG,0:00:01.492487,0:00:06.475418,0:00:00.015630,0:00:07.985533
Surv 7 120hpf,Surv 7_120 hpf_5 Gy\Aufnahme-093359-0021.JPG,0:00:01.023778,0:00:05.015930,0:00:00.086569,0:00:06.135019
Surv 7 120hpf,Surv 7_120 hpf_5 Gy\Aufnahme-093402-0022.JPG,0:00:01.920819,0:00:08.365667,0:00:00.065261,0:00:10.374982
Surv 7 120hpf,Surv 7_120 hpf_5 Gy\Aufnahme-093405-0023.JPG,0:00:02.023811,0:00:08.713450,0:00:00.061181,0:00:10.805402
Surv 7 120hpf,Surv 7_120 hpf_5 Gy\Aufnahme-093417-0024.JPG,0:00:03.102891,0:00:03.724800,0:00:00.016491,0:00:06.854257
Surv 7 120hpf,Surv 7_120 hpf_5 Gy\Aufnahme-093420-0025.JPG,0:00:01.525788,0:00:04.465535,0:00:00.033923,0:00:06.029509
Surv 7 120hpf,Surv 7_120 hpf_5 Gy\Aufnahme-093423-0026.JPG,0:00:01.442722,0:00:03.678898,0:00:00.034341,0:00:05.160942
Surv 7 120hpf,Surv 7_120 hpf_5 Gy\Aufnahme-093426-0027.JPG,0:00:02.393493,0:00:06.321994,0:00:00.025918,0:00:08.741405
Surv 7 120hpf,Surv 7_120 hpf_5 Gy\Aufnahme-093429-0028.JPG,0:00:01.240504,0:00:03.613351,0:00:00.044347,0:00:04.898202
Surv 7 120hpf,Surv 7_120 hpf_5 Gy\Aufnahme-093432-0029.JPG,0:00:01.374854,0:00:04.477720,0:00:00.064550,0:00:05.933772
Surv 7 120hpf,Surv 7_120 hpf_5 Gy\Aufnahme-093435-0030.JPG,0:00:01.522857,0:00:06.545583,0:00:00.032277,0:00:08.107460
Surv 7 120hpf,Surv 7_120 hpf_KO\Aufnahme-092447-0011.JPG,0:00:00.825604,0:00:05.689804,0:00:00.031763,0:00:06.551131
Surv 7 120hpf,Surv 7_120 hpf_KO\Aufnahme-092501-0012.JPG,0:00:01.168291,0:00:07.033202,0:00:00.043725,0:00:08.259171
Surv 7 120hpf,Surv 7_120 hpf_KO\Aufnahme-092507-0014.JPG,0:00:01.380607,0:00:03.870430,0:00:00.016301,0:00:05.270639
Surv 7 120hpf,Surv 7_120 hpf_KO\Aufnahme-092513-0015.JPG,0:00:01.585551,0:00:05.730031,0:00:00.050234,0:00:07.368856
Surv 7 120hpf,Surv 7_120 hpf_KO\Aufnahme-092604-0026.JPG,0:00:01.556350,0:00:05.690477,0:00:00.049909,0:00:07.301427
Surv 7 120hpf,Surv 7_120 hpf_KO\Aufnahme-092607-0027.JPG,0:00:03.131942,0:00:05.256748,0:00:00.056719,0:00:08.461034
Surv 7 120hpf,Surv 7_120 hpf_KO\Aufnahme-092610-0028.JPG,0:00:01.111756,0:00:07.647898,0:00:00.019050,0:00:08.780874
Surv 7 120hpf,Surv 7_120 hpf_KO\Aufnahme-092614-0029.JPG,0:00:01.394866,0:00:05.038808,0:00:00.020688,0:00:06.456364
Surv 7 120hpf,Surv 7_120 hpf_KO\Aufnahme-092617-0030.JPG,0:00:01.137868,0:00:04.476555,0:00:00.023637,0:00:05.638060
Surv 7 120hpf,Surv 7_120 hpf_KO\Aufnahme-092620-0031.JPG,0:00:01.603377,0:00:04.712405,0:00:00.017977,0:00:06.341860
Surv 7 120hpf,Surv 7_120 hpf_KO\Aufnahme-092623-0032.JPG,0:00:02.367505,0:00:05.119028,0:00:00.045430,0:00:07.539116
Surv 7 120hpf,Surv 7_120 hpf_KO\Aufnahme-092627-0033.JPG,0:00:02.742209,0:00:07.226210,0:00:00.060549,0:00:10.036012
Surv 7 120hpf,Surv 7_120 hpf_KO\Aufnahme-092630-0034.JPG,0:00:01.760107,0:00:05.436189,0:00:00.014858,0:00:07.213412
Surv 7 120hpf,Surv 7_120 hpf_KO\Aufnahme-092640-0035.JPG,0:00:01.246875,0:00:05.871077,0:00:00.036229,0:00:07.154181
