Date,Time,Successful,Name,Has_Fish,Major_Axis,Minor_Axis,Axes_ratio,Has_Eyes,Eye1_Diameter,Eye2_Diameter,Resolution,Area,Comment
2022-12-07,10:03:58.529653,True,Surv 5_96hpf_10Gy\Aufnahme-194334-0006.JPG,True,867.4217944159949,332.97234673922725,2.6050865872514346,2,62.07690206884776,62.18116682135812,0.00529500756429652,69070,
2022-12-07,10:04:04.800566,True,Surv 5_96hpf_10Gy\Aufnahme-194336-0007.JPG,True,777.8076246328369,100.73063153443063,7.721659368004412,2,61.49504561230983,59.611688575142665,0.005287009063444109,40638,
2022-12-07,10:04:10.515247,True,Surv 5_96hpf_10Gy\Aufnahme-194340-0008.JPG,True,797.567979681913,100.02219487096167,7.9739099977845225,2,61.50342849396123,62.08856119300716,0.005376344086021506,41975,
2022-12-07,10:04:16.579078,True,Surv 5_96hpf_10Gy\Aufnahme-194355-0009.JPG,True,784.2959663260963,100.10086578465925,7.83505677176962,2,65.76891292307556,61.55009278844377,0.00539291217257319,42156,
2022-12-07,10:04:25.464390,True,Surv 5_96hpf_10Gy\Aufnahme-194400-0010.JPG,True,699.0864694800596,116.61854632512379,5.9946422889808515,2,55.74968865960315,58.38989827154441,0.005279034690799397,44437,
2022-12-07,10:04:33.709422,True,Surv 5_96hpf_10Gy\Aufnahme-194548-0022.JPG,True,808.5849521464143,214.53871752032134,3.768946516937318,2,62.225868577895234,58.70405752798884,0.005368098159509203,68876,
2022-12-07,10:04:38.630315,True,Surv 5_96hpf_10Gy\Aufnahme-194616-0023.JPG,True,749.2548921468914,97.21649183065418,7.707076011877208,2,55.95375343767927,56.72248962235474,0.00539291217257319,38307,
2022-12-07,10:04:46.020911,True,Surv 5_96hpf_10Gy\Aufnahme-194622-0024.JPG,True,737.6100006127189,102.43072998027358,7.201061641899555,2,64.78067211246479,40.405911186959095,0.00532724505327245,52220,
2022-12-07,10:04:52.564955,True,Surv 5_96hpf_10Gy\Aufnahme-194627-0025.JPG,True,763.2652766452875,96.2506227750157,7.92997753821716,2,56.640513072200214,56.71327267521486,0.005351681957186544,39127,
2022-12-07,10:04:59.263012,True,Surv 5_96hpf_10Gy\Aufnahme-194631-0026.JPG,True,860.481622372322,102.44056486344104,8.39981333097286,2,59.29883621779808,57.95436623214949,0.005271084337349397,48207,
2022-12-07,10:05:04.925551,True,Surv 5_96hpf_10Gy\Aufnahme-194636-0027.JPG,True,758.6961338759829,121.2008197864589,6.259826750451963,2,62.92292802335814,59.17854176658785,0.00523168908819133,47440,
2022-12-07,10:05:11.100679,True,Surv 5_96hpf_10Gy\Aufnahme-194712-0028.JPG,True,713.9767046852851,100.34360389107046,7.115318535502806,2,57.90429473842839,54.83231411091469,0.005335365853658537,45072,
2022-12-07,10:05:16.859152,False,Surv 5_96hpf_10Gy\Aufnahme-194717-0029.JPG,False,,,,0,,,0.005087209302325582,,
2022-12-07,10:05:21.656320,True,Surv 5_96hpf_10Gy\Aufnahme-194747-0031.JPG,True,765.9216214694966,107.99457141306821,7.092223353893638,2,63.493588690434166,65.0831780353009,0.00539291217257319,45015,
2022-12-07,10:05:26.857681,True,Surv 5_96hpf_15Gy\Aufnahme-201136-0098.JPG,True,628.1316622083064,133.2945854362933,4.71235692096822,2,39.524185046677694,59.93489562035337,0.005287009063444109,50612,
2022-12-07,10:05:31.835390,True,Surv 5_96hpf_15Gy\Aufnahme-201139-0099.JPG,True,689.8792494850497,117.1980844087146,5.886437930838328,1,47.25175779603614,,0.005311077389984826,53656,
2022-12-07,10:05:37.332661,True,Surv 5_96hpf_15Gy\Aufnahme-201155-0100.JPG,True,746.6915973370047,96.65927775151265,7.724986309711171,2,50.86528594943279,52.88854195860324,0.005335365853658537,39619,
2022-12-07,10:05:43.599600,True,Surv 5_96hpf_15Gy\Aufnahme-201158-0101.JPG,True,773.9976368630594,146.8186225097364,5.271794705823037,2,58.682771637453,58.62576591560389,0.005319148936170213,55038,
2022-12-07,10:05:49.803859,True,Surv 5_96hpf_15Gy\Aufnahme-201204-0102.JPG,True,622.405622593293,127.8088206445096,4.86981743086783,2,43.530169426849795,45.233317994063626,0.005351681957186544,45771,
2022-12-07,10:05:56.190733,False,Surv 5_96hpf_15Gy\Aufnahme-201342-0118.JPG,True,,,,0,,,0.005319148936170213,,
2022-12-07,10:06:01.925859,False,Surv 5_96hpf_15Gy\Aufnahme-201346-0119.JPG,True,,,,0,,,0.005216095380029807,,
2022-12-07,10:06:07.409927,True,Surv 5_96hpf_15Gy\Aufnahme-201350-0120.JPG,True,651.6892656642897,123.38752459205074,5.281646323799213,1,48.74925697239661,,0.005279034690799397,47349,
2022-12-07,10:06:13.891409,False,Surv 5_96hpf_15Gy\Aufnahme-201353-0121.JPG,True,,,,0,,,0.005263157894736842,,
2022-12-07,10:06:19.582138,True,Surv 5_96hpf_15Gy\Aufnahme-201356-0122.JPG,True,603.8567143264711,117.19272121364743,5.1526810545308015,1,43.52587156841132,,0.005303030303030303,44037,
2022-12-07,10:06:24.263833,True,Surv 5_96hpf_20Gy\Aufnahme-202042-0192.JPG,True,578.6850529295292,107.2840755897967,5.393951057024956,2,37.61164958989608,38.51633705742401,0.005287009063444109,37958,
2022-12-07,10:06:30.096708,True,Surv 5_96hpf_20Gy\Aufnahme-202044-0193.JPG,True,630.1766102990606,120.79723770538203,5.216813085047751,1,40.00965627198199,,0.005287009063444109,48509,
2022-12-07,10:06:34.935189,True,Surv 5_96hpf_20Gy\Aufnahme-202047-0194.JPG,True,595.2335785938834,133.5132492554629,4.458236032103222,1,33.85186361265455,,0.005303030303030303,45908,
2022-12-07,10:06:40.325346,True,Surv 5_96hpf_20Gy\Aufnahme-202050-0195.JPG,True,612.0224279830315,119.35680426845295,5.127671034208432,1,34.4435167736627,,0.005311077389984826,44742,
2022-12-07,10:06:45.882010,True,Surv 5_96hpf_20Gy\Aufnahme-202050-0196.JPG,True,609.8746309375485,118.13642186149667,5.162460664777595,1,35.18180769233048,,0.00529500756429652,44490,
2022-12-07,10:06:51.837623,True,Surv 5_96hpf_20Gy\Aufnahme-202129-0207.JPG,True,631.0049155927369,132.55217134641285,4.760426850674999,1,33.05707823428733,,0.00523168908819133,46530,
2022-12-07,10:06:56.819307,True,Surv 5_96hpf_20Gy\Aufnahme-202132-0208.JPG,True,585.2586295457272,112.73141025956913,5.191619870612307,1,41.628359573356725,,0.005311077389984826,42316,
2022-12-07,10:07:01.978739,True,Surv 5_96hpf_20Gy\Aufnahme-202135-0209.JPG,True,718.229486237358,121.30277410400365,5.920965052469088,1,37.22322612345883,,0.005384615384615384,55327,
2022-12-07,10:07:07.226300,False,Surv 5_96hpf_20Gy\Aufnahme-202140-0210.JPG,True,,,,0,,,0.005384615384615384,,
2022-12-07,10:07:13.424564,True,Surv 5_96hpf_20Gy\Aufnahme-202143-0211.JPG,True,621.7830240019923,142.70165522315773,4.35722362876341,1,31.368228298880986,,0.005287009063444109,50972,
2022-12-07,10:07:19.008850,True,Surv 5_96hpf_20Gy\Aufnahme-202156-0212.JPG,True,673.5778078241276,126.2296702049867,5.336129031552503,1,34.99778734355975,,0.005303030303030303,53463,
2022-12-07,10:07:24.721470,True,Surv 5_96hpf_20Gy\Aufnahme-202201-0213.JPG,True,588.1293617958163,142.0972359317845,4.138921900480562,2,34.97109655443809,34.93049770492332,0.005303030303030303,48681,
2022-12-07,10:07:30.947885,True,Surv 5_96hpf_20Gy\Aufnahme-202204-0214.JPG,True,607.4557572776868,122.69338205615563,4.951006705477072,2,43.28513719258319,47.245059784970415,0.005279034690799397,38100,
2022-12-07,10:07:36.361304,True,Surv 5_96hpf_20Gy\Aufnahme-202206-0215.JPG,True,633.6953609712308,125.07901783765604,5.066360225131635,2,36.57200089782979,40.119645076550434,0.005239520958083832,48631,
2022-12-07,10:07:41.125387,True,Surv 5_96hpf_20Gy\Aufnahme-202209-0216.JPG,True,562.2322440391707,121.55669386589301,4.625267652141407,2,46.23123780258258,38.55501530105037,0.005351681957186544,44434,
2022-12-07,10:07:47.254818,True,Surv 5_96hpf_KO\Aufnahme-191021-0075.JPG,True,783.544572494329,110.58179895592448,7.085655866447181,2,69.29832560268186,70.85759694264341,0.005271084337349397,43499,
2022-12-07,10:07:52.852044,True,Surv 5_96hpf_KO\Aufnahme-191112-0077.JPG,True,827.8334612618136,103.54088379749199,7.995232712914758,2,68.08360897707185,71.26084084389356,0.005311077389984826,48758,
2022-12-07,10:07:59.196466,True,Surv 5_96hpf_KO\Aufnahme-191127-0078.JPG,True,830.8092252960033,95.85703401426198,8.667170164814324,1,42.38065682834196,,0.005287009063444109,44749,
2022-12-07,10:08:04.598650,True,Surv 5_96hpf_KO\Aufnahme-191134-0079.JPG,True,779.2062347397169,105.3430905840757,7.396842359754219,2,67.16270888072125,69.14937051005855,0.005311077389984826,43442,
2022-12-07,10:08:09.717048,True,Surv 5_96hpf_KO\Aufnahme-191317-0090.JPG,True,779.9103249237565,102.64400700015837,7.598206146828945,2,63.4567179664715,64.36055518787096,0.005351681957186544,43494,
2022-12-07,10:08:15.344403,True,Surv 5_96hpf_KO\Aufnahme-191325-0091.JPG,True,705.1880541945638,128.72978870669593,5.478048719564807,2,60.42804538000622,59.172994873504365,0.005303030303030303,51246,
2022-12-07,10:08:21.963201,True,Surv 5_96hpf_KO\Aufnahme-191332-0092.JPG,True,867.6863550730388,98.66956723205968,8.79385994500552,2,69.61159682305936,40.09573887470485,0.005335365853658537,45369,
2022-12-07,10:08:29.574210,True,Surv 5_96hpf_KO\Aufnahme-191343-0093.JPG,True,771.7654342641232,96.1389886799797,8.027600923004488,2,66.5655713439843,65.79111046253854,0.005368098159509203,39693,
2022-12-07,10:08:38.047188,True,Surv 5_96hpf_KO\Aufnahme-191413-0094.JPG,True,736.7031342936499,95.72456234773185,7.69607210756922,2,64.7670689318975,64.43122109233863,0.005311077389984826,37683,
2022-12-07,10:08:43.928905,True,Surv 5_96hpf_KO\Aufnahme-191418-0095.JPG,True,789.5063506530694,105.2388031438688,7.50204608060545,2,67.51553487577209,65.03014828451977,0.005287009063444109,42044,
2022-12-07,10:08:50.925384,True,Surv 5_96hpf_KO\Aufnahme-191425-0096.JPG,True,811.8439295276754,103.09982387045926,7.874348365014904,2,65.20999939360482,68.45183098103581,0.005335365853658537,46327,
2022-12-07,10:08:57.390902,True,Surv 5_96hpf_KO\Aufnahme-191428-0097.JPG,True,793.0109209807533,98.5021830023815,8.050693871034113,2,68.36462800387632,68.61177563257996,0.005287009063444109,41515,
2022-12-07,10:09:04.419633,True,Surv 5_96hpf_KO\Aufnahme-191433-0098.JPG,True,778.4046412746782,106.54988543050713,7.305541795090537,2,67.3845485865109,65.85535915780576,0.0053435114503816794,46651,
2022-12-07,10:09:10.495444,True,Surv 5_96hpf_KO\Aufnahme-191438-0099.JPG,True,783.2277537113836,104.8243448737177,7.47181157826401,2,64.31525720856145,67.17093822742858,0.005319148936170213,42652,
2022-12-07,10:09:16.207035,True,Surv5_96 hpf_5Gy\Aufnahme-192518-0006.JPG,True,794.6019567071503,138.701320121546,5.728870900513629,2,66.74181555595837,67.26923329820058,0.005351681957186544,50729,
2022-12-07,10:09:24.102960,True,Surv5_96 hpf_5Gy\Aufnahme-192522-0007.JPG,True,830.6548601377172,100.69261989979877,8.249411535466237,2,66.94042670486628,65.0785334746979,0.005311077389984826,42673,
2022-12-07,10:09:31.324564,True,Surv5_96 hpf_5Gy\Aufnahme-192531-0008.JPG,True,752.4170529993664,100.01352598355909,7.523152949562581,2,66.26808664599994,67.15496599163521,0.005311077389984826,39685,
2022-12-07,10:09:37.970921,False,Surv5_96 hpf_5Gy\Aufnahme-192540-0009.JPG,True,,,,0,,,0.005279034690799397,,
2022-12-07,10:09:43.482897,True,Surv5_96 hpf_5Gy\Aufnahme-192607-0010.JPG,True,761.0704370284828,99.69918145037255,7.633667859222318,2,64.17988171580086,65.07126869002157,0.005311077389984826,42119,
2022-12-07,10:09:49.432512,True,Surv5_96 hpf_5Gy\Aufnahme-192724-0021.JPG,True,756.4122689145947,96.3774734110718,7.848434308796669,2,60.89009509038404,67.93110719389787,0.005311077389984826,38070,
2022-12-07,10:09:55.418688,True,Surv5_96 hpf_5Gy\Aufnahme-192729-0022.JPG,True,707.1763568035994,96.33788927448174,7.340583877530711,2,62.652595927388035,65.5646183207124,0.005335365853658537,41840,
2022-12-07,10:10:01.373939,False,Surv5_96 hpf_5Gy\Aufnahme-192740-0024.JPG,True,,,,0,,,0.00529500756429652,,
2022-12-07,10:10:09.129535,True,Surv5_96 hpf_5Gy\Aufnahme-192746-0025.JPG,True,848.6044025351202,97.55493849515246,8.698733407302468,2,63.97892099505373,63.362311994565104,0.005319148936170213,48545,
2022-12-07,10:10:17.926533,True,Surv5_96 hpf_5Gy\Aufnahme-192751-0026.JPG,True,820.3675254639858,102.25705439715443,8.022600790726615,2,67.31053251332094,64.4810077893691,0.0052238805970149255,45904,
2022-12-07,10:10:25.531670,True,Surv5_96 hpf_5Gy\Aufnahme-192756-0027.JPG,True,760.5794501392121,94.74688070401821,8.02748802375038,2,63.83439746405166,61.34981243326951,0.005311077389984826,39252,
2022-12-07,10:10:32.564804,False,Surv5_96 hpf_5Gy\Aufnahme-192801-0028.JPG,True,,,,0,,,0.005271084337349397,,
2022-12-07,10:10:41.109373,True,Surv5_96 hpf_5Gy\Aufnahme-192806-0029.JPG,True,742.3070883558377,98.8601993906311,7.5086545741499435,2,68.84647043906776,66.06064249143212,0.00532724505327245,45022,
2022-12-07,10:10:47.949580,True,Surv5_96 hpf_5Gy\Aufnahme-192815-0030.JPG,True,773.9647797095405,100.18435777633361,7.7254054114660695,2,69.07741762526094,68.92430332147602,0.005368098159509203,40966,
,,,END OF BATCH Surv 5 96hpf,,,,,,,,,,
2022-12-07,10:23:41.913631,True,Surv 5_120 hpf_10 Gy\Aufnahme-153839-0116.JPG,True,868.0499580204375,97.05833597873259,8.943589947911786,1,36.245532687996864,,0.005271084337349397,44707,
2022-12-07,10:23:48.823959,True,Surv 5_120 hpf_10 Gy\Aufnahme-153844-0117.JPG,True,919.3742825413954,103.54808994839885,8.878717927095975,2,72.36922669019948,39.0654951347272,0.0053435114503816794,51160,
2022-12-07,10:23:55.480516,False,Surv 5_120 hpf_10 Gy\Aufnahme-153849-0118.JPG,True,,,,0,,,0.00529500756429652,,
2022-12-07,10:24:03.525942,True,Surv 5_120 hpf_10 Gy\Aufnahme-153855-0119.JPG,True,940.5545585128672,102.21267327769651,9.201936788772969,2,68.68206616869975,67.15480870568864,0.005311077389984826,57628,
2022-12-07,10:24:11.247697,True,Surv 5_120 hpf_10 Gy\Aufnahme-153859-0120.JPG,True,848.816687214131,109.87385216070031,7.725374786829726,2,67.35210844377825,65.711081331908,0.005303030303030303,46435,
2022-12-07,10:24:16.465102,False,Surv 5_120 hpf_10 Gy\Aufnahme-154009-0131.JPG,False,,,,0,,,0.0053435114503816794,,
2022-12-07,10:24:23.986178,True,Surv 5_120 hpf_10 Gy\Aufnahme-154014-0132.JPG,True,840.0275684205772,97.92088530226826,8.578635352688325,2,60.61560165559003,61.93778423753597,0.005359877488514548,47074,
2022-12-07,10:24:30.698328,True,Surv 5_120 hpf_10 Gy\Aufnahme-154019-0133.JPG,True,824.9766896291875,159.04930220915594,5.186924294356925,2,69.407161196653,67.7788102304711,0.005271084337349397,65646,
2022-12-07,10:24:36.094497,False,Surv 5_120 hpf_10 Gy\Aufnahme-154032-0134.JPG,True,,,,0,,,0.00532724505327245,,
2022-12-07,10:24:41.655236,True,Surv 5_120 hpf_10 Gy\Aufnahme-154036-0135.JPG,True,815.5889495768964,112.19832489660301,7.2691722477007295,2,60.31199656165265,59.97106728626364,0.005287009063444109,44282,
2022-12-07,10:24:48.378163,True,Surv 5_120 hpf_10 Gy\Aufnahme-154043-0136.JPG,True,834.6978735023177,116.45272640269783,7.167697135882432,2,61.8949951354492,61.70822931529315,0.005279034690799397,49073,
2022-12-07,10:24:55.819847,True,Surv 5_120 hpf_10 Gy\Aufnahme-154047-0137.JPG,True,919.1288006692289,113.02118993318463,8.132358199489808,2,64.23620250584236,65.73981206738338,0.0052238805970149255,62900,
2022-12-07,10:25:02.324742,True,Surv 5_120 hpf_10 Gy\Aufnahme-154052-0138.JPG,True,780.2049834903951,107.22834588326997,7.2761076100132644,1,21.88100187268584,,0.005271084337349397,49006,
2022-12-07,10:25:09.823959,True,Surv 5_120 hpf_10 Gy\Aufnahme-154057-0139.JPG,True,814.451799206841,113.61606554402778,7.168456285711018,2,59.5431246834764,32.23455776043001,0.005279034690799397,45902,
2022-12-07,10:25:16.795478,True,Surv 5_120 hpf_10 Gy\Aufnahme-154103-0140.JPG,True,868.2823456230886,99.52488930141787,8.724273412587646,2,71.51387066936574,72.92480099112214,0.0053435114503816794,44152,
2022-12-07,10:25:22.413483,True,Surv 5_120 hpf_15 Gy\Aufnahme-160943-0205.JPG,True,656.1380591675562,136.22386338177182,4.81661614109936,2,49.08167694045477,49.409130994840226,0.005287009063444109,56911,
2022-12-07,10:25:29.030327,True,Surv 5_120 hpf_15 Gy\Aufnahme-160946-0206.JPG,True,835.0649298123732,128.2078949444974,6.513365890406997,1,23.94703798628114,,0.005239520958083832,68986,
2022-12-07,10:25:35.442858,True,Surv 5_120 hpf_15 Gy\Aufnahme-160949-0207.JPG,True,649.7344275637086,114.34031840486,5.6824612405145425,1,27.444025170985462,,0.005335365853658537,48578,
2022-12-07,10:25:44.155892,True,Surv 5_120 hpf_15 Gy\Aufnahme-160952-0208.JPG,True,823.8185895086949,116.07129677262046,7.097522061139079,2,52.1842020854543,51.94101390237986,0.005247376311844078,61694,
2022-12-07,10:25:49.928703,True,Surv 5_120 hpf_15 Gy\Aufnahme-160955-0209.JPG,True,642.2463672250444,148.17027994812878,4.334515447024066,2,46.09243885798922,36.78919632467574,0.005319148936170213,57161,
2022-12-07,10:25:55.763518,False,Surv 5_120 hpf_15 Gy\Aufnahme-161058-0225.JPG,True,,,,0,,,0.005319148936170213,,
2022-12-07,10:26:03.479240,True,Surv 5_120 hpf_15 Gy\Aufnahme-161101-0226.JPG,True,704.1718439840776,146.04247077378847,4.821692212225031,2,47.408384494778325,64.06168730992368,0.005287009063444109,63612,
2022-12-07,10:26:09.928044,False,Surv 5_120 hpf_15 Gy\Aufnahme-161103-0227.JPG,True,,,,0,,,0.005208333333333333,,
2022-12-07,10:26:17.844026,True,Surv 5_120 hpf_15 Gy\Aufnahme-161106-0228.JPG,True,716.4460903561934,127.66309812718288,5.612006138551035,1,41.40047265544295,,0.005247376311844078,57031,
2022-12-07,10:26:25.238827,True,Surv 5_120 hpf_15 Gy\Aufnahme-161109-0229.JPG,True,673.9683440836436,137.07384943661557,4.916826563591138,1,49.39569864136543,,0.005311077389984826,57656,
2022-12-07,10:26:31.597798,True,Surv 5_120 hpf_20 Gy\Aufnahme-161752-0295.JPG,True,617.1389460569621,139.90115826099188,4.411249726079192,1,45.85016023557728,,0.00529500756429652,54909,
2022-12-07,10:26:37.409200,True,Surv 5_120 hpf_20 Gy\Aufnahme-161753-0296.JPG,True,487.9033764205127,156.26294927826527,3.1223228453961833,1,32.46185113707157,,0.005335365853658537,51154,
2022-12-07,10:26:43.217098,True,Surv 5_120 hpf_20 Gy\Aufnahme-161755-0297.JPG,True,674.8579935953899,133.95116609531624,5.038089725289723,2,37.73416652339947,41.413816883008884,0.0053435114503816794,55723,
2022-12-07,10:26:49.243310,True,Surv 5_120 hpf_20 Gy\Aufnahme-161757-0298.JPG,True,598.7952371646077,140.34382627169575,4.266630410983539,1,40.71602915451735,,0.005368098159509203,52784,
2022-12-07,10:26:56.035167,True,Surv 5_120 hpf_20 Gy\Aufnahme-161759-0299.JPG,True,614.2914935760502,131.19828193292983,4.682161111607266,2,41.06723888040406,41.22793549943673,0.0053435114503816794,52368,
2022-12-07,10:27:01.624078,True,Surv 5_120 hpf_20 Gy\Aufnahme-161835-0310.JPG,True,619.0722931836227,147.6486768780138,4.192873964560452,2,36.81204354210436,40.39523560969989,0.005384615384615384,54243,
2022-12-07,10:27:09.230373,True,Surv 5_120 hpf_20 Gy\Aufnahme-161838-0311.JPG,True,568.8853325509573,166.70912465578198,3.412442682580102,1,32.91448318053209,,0.005303030303030303,55702,
2022-12-07,10:27:14.949632,True,Surv 5_120 hpf_20 Gy\Aufnahme-161840-0312.JPG,True,595.7895492238523,129.07738302959785,4.615754791737882,2,38.04584456300742,36.99582828318607,0.00539291217257319,47883,
2022-12-07,10:27:22.167941,False,Surv 5_120 hpf_20 Gy\Aufnahme-161843-0313.JPG,True,,,,0,,,0.005359877488514548,,
2022-12-07,10:27:27.740608,False,Surv 5_120 hpf_20 Gy\Aufnahme-161854-0314.JPG,True,,,,0,,,0.0053435114503816794,,
2022-12-07,10:27:33.073374,False,Surv 5_120 hpf_20 Gy\Aufnahme-161857-0315.JPG,True,,,,0,,,0.005401234567901234,,
2022-12-07,10:27:38.272554,True,Surv 5_120 hpf_20 Gy\Aufnahme-161901-0316.JPG,True,644.39954309586,125.02996296530623,5.1539609211487205,2,46.755984280844395,64.80616867637865,0.005287009063444109,54068,
2022-12-07,10:27:44.795583,True,Surv 5_120 hpf_20 Gy\Aufnahme-161903-0317.JPG,True,630.4154492045792,155.6189198486002,4.051020594526057,2,39.16904342031676,41.81312279038858,0.005255255255255256,57517,
2022-12-07,10:27:51.411548,True,Surv 5_120 hpf_20 Gy\Aufnahme-161906-0318.JPG,True,593.0799154353354,139.0344443738061,4.265704934532545,2,44.47962798569533,41.17425803071198,0.005239520958083832,44528,
2022-12-07,10:27:57.678758,True,Surv 5_120 hpf_20 Gy\Aufnahme-161909-0319.JPG,True,650.876305718625,134.81519589266296,4.827914994366355,2,46.821228929104095,40.156873064942374,0.005319148936170213,54754,
2022-12-07,10:28:04.300360,True,Surv 5_120 hpf_5 Gy\Aufnahme-152758-0053.JPG,True,874.7388136372431,139.98513884509157,6.2487976999132355,2,67.81975307519401,65.90201278764307,0.005351681957186544,51367,
2022-12-07,10:28:12.665375,True,Surv 5_120 hpf_5 Gy\Aufnahme-152802-0054.JPG,True,802.4012302821908,104.29727429331268,7.693405563271169,2,66.32767980923362,66.46890442551155,0.00529500756429652,43792,
2022-12-07,10:28:20.602873,True,Surv 5_120 hpf_5 Gy\Aufnahme-152808-0055.JPG,True,930.1790922657142,112.21642824509031,8.289152549340843,2,62.96004490413279,,0.005271084337349397,52698,
2022-12-07,10:28:27.572954,True,Surv 5_120 hpf_5 Gy\Aufnahme-152818-0056.JPG,True,742.3168963697051,103.19394208101409,7.1934154408689714,2,64.05443804141096,63.919114682346695,0.005351681957186544,46032,
2022-12-07,10:28:36.161188,True,Surv 5_120 hpf_5 Gy\Aufnahme-152827-0057.JPG,True,831.8227708190515,96.22208578034568,8.644821654749034,2,68.74981680663181,72.26846146656176,0.005303030303030303,43707,
2022-12-07,10:28:41.355720,True,Surv 5_120 hpf_5 Gy\Aufnahme-153010-0068.JPG,True,698.5615561826062,103.75628307040834,6.732715701742774,2,73.0714406452501,72.37291317475965,0.005319148936170213,41432,
2022-12-07,10:28:49.479932,True,Surv 5_120 hpf_5 Gy\Aufnahme-153039-0069.JPG,True,919.5276692955849,107.56595913288886,8.548500628898632,2,66.39765089564658,63.88543834980068,0.005319148936170213,58999,
2022-12-07,10:28:56.226570,True,Surv 5_120 hpf_5 Gy\Aufnahme-153043-0070.JPG,True,813.9579157379903,102.33186924309264,7.954099947147522,2,63.779913201371954,67.42738433498893,0.005303030303030303,42816,
2022-12-07,10:29:02.620493,True,Surv 5_120 hpf_5 Gy\Aufnahme-153052-0072.JPG,True,821.7312506571407,104.90950395024448,7.832762711821265,2,70.95081228537062,72.92974576422954,0.0053435114503816794,45532,
2022-12-07,10:29:11.738734,True,Surv 5_120 hpf_5 Gy\Aufnahme-153057-0073.JPG,True,814.0717529232006,103.64005668664696,7.854798414328599,2,71.90619349759939,71.50321755256742,0.00529500756429652,45974,
2022-12-07,10:29:18.580114,True,Surv 5_120 hpf_5 Gy\Aufnahme-153102-0074.JPG,True,815.7883408891423,97.41413920453418,8.374434630852551,2,69.0338299632037,67.8991350955897,0.005319148936170213,40097,
2022-12-07,10:29:25.473374,True,Surv 5_120 hpf_5 Gy\Aufnahme-153107-0075.JPG,True,808.84535998623,113.17064969872196,7.147130127285682,1,44.621407346728944,,0.005319148936170213,45357,
2022-12-07,10:29:32.763264,True,Surv 5_120 hpf_5 Gy\Aufnahme-153114-0076.JPG,True,890.4094860228652,101.74067159327356,8.751755537671656,2,68.14456257031422,68.65964283917012,0.005351681957186544,45850,
2022-12-07,10:29:40.141210,True,Surv 5_120 hpf_5 Gy\Aufnahme-153121-0077.JPG,True,784.8393361795063,107.6609213138993,7.289918445813835,2,58.72048593914573,56.8749819936373,0.005335365853658537,48109,
2022-12-07,10:29:46.878485,True,Surv 5_120 hpf_5 Gy\Aufnahme-153132-0078.JPG,True,890.3325503657525,112.84803739943979,7.889659145903519,1,44.38686218836348,,0.005359877488514548,56167,
2022-12-07,10:29:56.385998,True,Surv 5_120 hpf_KO\Aufnahme-151605-0006.JPG,True,827.8215178017983,111.05125821168387,7.454409172238464,2,67.17972375219765,68.04525898066431,0.005351681957186544,46582,
2022-12-07,10:30:04.549247,True,Surv 5_120 hpf_KO\Aufnahme-151609-0007.JPG,True,794.6929643830013,96.75515247435672,8.21344335738214,2,73.54751263512432,67.33555569414509,0.005335365853658537,40541,
2022-12-07,10:30:11.360482,True,Surv 5_120 hpf_KO\Aufnahme-151618-0008.JPG,True,769.3809669896623,98.16724969846382,7.837450568829596,2,73.00082643407731,72.83174201454901,0.005287009063444109,39395,
2022-12-07,10:30:19.112264,True,Surv 5_120 hpf_KO\Aufnahme-151624-0009.JPG,True,881.454690295925,118.39435910639111,7.445073371306782,1,46.1962282439516,,0.005303030303030303,61120,
2022-12-07,10:30:25.769912,True,Surv 5_120 hpf_KO\Aufnahme-151630-0010.JPG,True,789.4353166783692,98.4347152145531,8.01988724158624,2,70.66718952514175,71.13089695947512,0.005335365853658537,40399,
2022-12-07,10:30:34.328106,True,Surv 5_120 hpf_KO\Aufnahme-151856-0020.JPG,True,878.1635128566871,96.48695088886119,9.101370752903184,1,44.918054237344165,,0.005384615384615384,44561,
2022-12-07,10:30:41.824487,True,Surv 5_120 hpf_KO\Aufnahme-152016-0023.JPG,True,778.7906205556532,98.5923469963711,7.899098097181094,2,73.0300249435979,73.82510525621761,0.005319148936170213,39689,
2022-12-07,10:30:48.525301,True,Surv 5_120 hpf_KO\Aufnahme-152021-0024.JPG,True,769.5497243697748,101.33966191996134,7.593766446325524,2,72.15980354743238,73.66629421149419,0.005319148936170213,41337,
2022-12-07,10:30:55.539438,True,Surv 5_120 hpf_KO\Aufnahme-152040-0025.JPG,True,777.9575672459907,99.43504383582547,7.823776580522814,2,74.4838715304311,68.84893485809815,0.005287009063444109,43563,
2022-12-07,10:31:01.431325,True,Surv 5_120 hpf_KO\Aufnahme-152043-0026.JPG,True,793.374517596409,94.09249376220939,8.431857695274031,2,65.73036040800743,69.96317343180617,0.005335365853658537,38014,
2022-12-07,10:31:07.568807,True,Surv 5_120 hpf_KO\Aufnahme-152051-0027.JPG,True,783.0844865955976,115.89987543670216,6.756560208930279,2,65.69477367255766,70.31394387646536,0.005311077389984826,42887,
2022-12-07,10:31:14.156921,True,Surv 5_120 hpf_KO\Aufnahme-152100-0028.JPG,True,839.5677418192652,100.50065173517821,8.353853704665992,1,21.43055473611126,,0.00532724505327245,44807,
2022-12-07,10:31:22.598987,True,Surv 5_120 hpf_KO\Aufnahme-152107-0029.JPG,True,803.1467246138444,114.40180329190233,7.020402664148331,2,39.12266063329889,65.22086181069287,0.005303030303030303,41465,
2022-12-07,10:31:29.343010,False,Surv 5_120 hpf_KO\Aufnahme-152118-0030.JPG,True,,,,0,,,0.005279034690799397,,
,,,END OF BATCH Surv 5 120hpf,,,,,,,,,,
2022-12-07,10:34:21.652047,False,Surv 6_96 hpf_10 Gy\Aufnahme-165846-0648.JPG,True,,,,6,,,0.005335365853658537,,
2022-12-07,10:34:26.644863,True,Surv 6_96 hpf_10 Gy\Aufnahme-165849-0649.JPG,True,771.8347150479153,101.89317018347451,7.574940632999315,2,61.09466953959435,58.53568330263643,0.0053435114503816794,40980,
2022-12-07,10:34:31.710202,True,Surv 6_96 hpf_10 Gy\Aufnahme-165853-0650.JPG,True,793.8033421111819,103.45781778649784,7.672724585679211,2,62.28056393635382,64.07217844124915,0.005311077389984826,44152,
2022-12-07,10:34:36.866881,True,Surv 6_96 hpf_10 Gy\Aufnahme-165857-0651.JPG,True,763.1686412791345,106.32879005206883,7.177441226458173,2,59.86656423794087,57.319652479863315,0.00532724505327245,43532,
2022-12-07,10:34:42.095059,False,Surv 6_96 hpf_10 Gy\Aufnahme-165903-0652.JPG,True,,,,0,,,0.005335365853658537,,
2022-12-07,10:34:48.802927,True,Surv 6_96 hpf_10 Gy\Aufnahme-165906-0653.JPG,True,731.4719941970416,107.22100603629058,6.822095979489912,2,61.19837890725334,59.25824929931959,0.005271084337349397,42667,
2022-12-07,10:34:55.029248,False,Surv 6_96 hpf_10 Gy\Aufnahme-165910-0654.JPG,True,,,,0,,,0.005287009063444109,,
2022-12-07,10:35:00.890722,True,Surv 6_96 hpf_10 Gy\Aufnahme-170032-0668.JPG,True,745.2107423858571,101.95083582460293,7.309510867256879,2,55.02497757008165,59.70082027526575,0.005287009063444109,46572,
2022-12-07,10:35:08.132365,True,Surv 6_96 hpf_10 Gy\Aufnahme-170035-0669.JPG,True,753.1546879915768,103.70825251749139,7.262244514866838,2,60.337019560651136,61.04225824570893,0.005247376311844078,41974,
2022-12-07,10:35:14.915984,True,Surv 6_96 hpf_10 Gy\Aufnahme-170039-0670.JPG,True,779.4018269288628,104.62355064572816,7.449583025221924,2,54.82671007338269,58.77268995531872,0.005247376311844078,46715,
2022-12-07,10:35:21.284090,True,Surv 6_96 hpf_10 Gy\Aufnahme-170043-0671.JPG,True,796.4606557511097,97.80604854173245,8.143265857543271,2,59.40952392914714,60.23168864226767,0.005303030303030303,45701,
2022-12-07,10:35:28.086832,True,Surv 6_96 hpf_10 Gy\Aufnahme-170047-0672.JPG,True,706.1340149155941,99.4526117667192,7.100205840465365,2,52.92040842817163,54.318858311305554,0.005417956656346749,43383,
2022-12-07,10:35:35.321166,True,Surv 6_96 hpf_15 Gy\Aufnahme-172250-0741.JPG,True,424.133254715784,122.73375581856367,3.4557180450240343,1,41.296428079514484,,0.005319148936170213,36327,
2022-12-07,10:35:42.334010,True,Surv 6_96 hpf_15 Gy\Aufnahme-172254-0742.JPG,True,711.8664849003983,129.46699042251606,5.498440046974284,1,43.42379318305799,,0.005351681957186544,63725,
2022-12-07,10:35:48.364432,True,Surv 6_96 hpf_15 Gy\Aufnahme-172257-0743.JPG,True,652.6525922879163,131.07642212880108,4.97917613014027,1,40.517161392501606,,0.00532724505327245,53939,
2022-12-07,10:35:55.346639,True,Surv 6_96 hpf_15 Gy\Aufnahme-172300-0744.JPG,True,687.0540299049869,125.7935336807168,5.461759518170743,2,45.15618997884246,43.13816569736662,0.005247376311844078,57279,
2022-12-07,10:36:02.959606,True,Surv 6_96 hpf_15 Gy\Aufnahme-172303-0745.JPG,True,706.0930405076352,122.79668498239847,5.7500985519995576,2,44.83699316631115,44.24147985879409,0.005319148936170213,58189,
2022-12-07,10:36:08.919647,False,Surv 6_96 hpf_15 Gy\Aufnahme-172329-0752.JPG,True,,,,0,,,0.005368098159509203,,
2022-12-07,10:36:15.020969,True,Surv 6_96 hpf_15 Gy\Aufnahme-172332-0753.JPG,True,705.6090358233704,107.04019304102032,6.59200077818399,2,45.9838290035445,48.054759931873214,0.005368098159509203,47790,
2022-12-07,10:36:22.025466,True,Surv 6_96 hpf_15 Gy\Aufnahme-172335-0754.JPG,True,712.3935324199753,108.54137503051557,6.563336167610658,2,46.95308277140106,48.33695182048162,0.005216095380029807,51970,
2022-12-07,10:36:28.898438,True,Surv 6_96 hpf_15 Gy\Aufnahme-172339-0755.JPG,True,722.8145700559522,126.66139863408529,5.706668155024137,1,45.330824528981914,,0.00539291217257319,58751,
2022-12-07,10:36:37.697445,True,Surv 6_96 hpf_15 Gy\Aufnahme-172342-0756.JPG,True,877.7169235456967,215.61828037852874,4.0706980966772415,1,36.19920221697298,,0.005335365853658537,81275,
2022-12-07,10:36:45.921416,True,Surv 6_96 hpf_15 Gy\Aufnahme-172345-0757.JPG,True,783.9526456897522,123.43266272252093,6.351257668742781,1,47.645681077530774,,0.005359877488514548,64068,
2022-12-07,10:36:53.258233,True,Surv 6_96 hpf_15 Gy\Aufnahme-172348-0758.JPG,True,726.1055401094279,101.91175564198132,7.124845760289478,2,47.86193729545645,45.84312893269328,0.00529500756429652,39718,
2022-12-07,10:36:59.769271,True,Surv 6_96 hpf_15 Gy\Aufnahme-172359-0759.JPG,True,633.7888078991234,109.62082688937018,5.781645932471809,2,54.82417387693541,48.06545666626503,0.005255255255255256,36826,
2022-12-07,10:37:07.057735,True,Surv 6_96 hpf_15 Gy\Aufnahme-172401-0760.JPG,True,746.0427570567331,114.98131468534186,6.488382561100084,2,49.468650463508084,50.264828455294435,0.005335365853658537,46728,
2022-12-07,10:37:11.854407,True,Surv 6_96 hpf_15 Gy\Aufnahme-172405-0761.JPG,True,350.55657826595797,126.31785800331299,2.7751941317494775,1,42.38372708019955,,0.00529500756429652,30983,
2022-12-07,10:37:19.585392,False,Surv 6_96 hpf_15 Gy\Aufnahme-172408-0762.JPG,True,,,,0,,,0.005255255255255256,,
2022-12-07,10:37:26.699779,True,Surv 6_96 hpf_15 Gy\Aufnahme-172412-0763.JPG,True,784.4302575875021,205.81299124533732,3.811373873150844,2,55.35723649283136,52.063633621016784,0.005351681957186544,68154,
2022-12-07,10:37:34.116326,True,Surv 6_96 hpf_15 Gy\Aufnahme-172415-0764.JPG,True,696.1020188438458,137.4057232645519,5.066033657882044,1,46.13194679348936,,0.005359877488514548,58116,
2022-12-07,10:37:43.228005,True,Surv 6_96 hpf_15 Gy\Aufnahme-172417-0765.JPG,True,730.2068982289577,133.5799138001668,5.4664423524133605,2,34.69424862824285,60.98159827321285,0.005335365853658537,58441,
2022-12-07,10:37:51.520630,False,Surv 6_96 hpf_20 Gy\Aufnahme-173003-0833.JPG,True,,,,0,,,0.005239520958083832,,
2022-12-07,10:37:56.798657,True,Surv 6_96 hpf_20 Gy\Aufnahme-173006-0834.JPG,True,577.9132937727624,125.46430739779656,4.606196820107835,1,37.90467684362881,,0.005303030303030303,44035,
2022-12-07,10:38:04.162630,False,Surv 6_96 hpf_20 Gy\Aufnahme-173008-0835.JPG,True,,,,0,,,0.005319148936170213,,
2022-12-07,10:38:09.483630,True,Surv 6_96 hpf_20 Gy\Aufnahme-173011-0836.JPG,True,455.2602513153446,197.7915970277805,2.3017168482208157,1,34.71171449815336,,0.005263157894736842,44067,
2022-12-07,10:38:15.762631,True,Surv 6_96 hpf_20 Gy\Aufnahme-173014-0837.JPG,True,439.99429617626635,169.50715765512962,2.5957269431150256,1,30.10444032322379,,0.005319148936170213,39561,
2022-12-07,10:38:22.719515,False,Surv 6_96 hpf_20 Gy\Aufnahme-173036-0843.JPG,True,,,,0,,,0.0053435114503816794,,
2022-12-07,10:38:30.431597,True,Surv 6_96 hpf_20 Gy\Aufnahme-173046-0844.JPG,True,541.7635572896179,115.51076627929898,4.690156378840584,1,26.48023041335174,,0.005303030303030303,38094,
2022-12-07,10:38:36.758589,True,Surv 6_96 hpf_20 Gy\Aufnahme-173048-0845.JPG,True,535.5058883091981,193.41386372856164,2.7687047763066808,1,35.49552867096601,,0.005384615384615384,53059,
2022-12-07,10:38:42.168619,True,Surv 6_96 hpf_20 Gy\Aufnahme-173050-0846.JPG,True,484.7732139006486,154.79792476968385,3.131651891470242,2,32.61821726944077,,0.005319148936170213,45219,
2022-12-07,10:38:48.800792,True,Surv 6_96 hpf_20 Gy\Aufnahme-173052-0847.JPG,True,568.9327141064861,130.2592577989817,4.367695039261414,2,38.265211046985556,37.336254197672126,0.005376344086021506,35140,
2022-12-07,10:38:56.158798,True,Surv 6_96 hpf_20 Gy\Aufnahme-173119-0854.JPG,True,666.1854484485017,129.40067315864295,5.148237889240113,2,36.17819003508024,64.03843582290577,0.005335365853658537,51748,
2022-12-07,10:39:01.409801,False,Surv 6_96 hpf_20 Gy\Aufnahme-173121-0855.JPG,False,,,,0,,,0.005216095380029807,,
2022-12-07,10:39:09.086274,True,Surv 6_96 hpf_20 Gy\Aufnahme-173124-0856.JPG,True,719.203364635974,140.5210249455615,5.118119263039796,1,41.1395179515582,,0.0053435114503816794,57487,
2022-12-07,10:39:16.113580,True,Surv 6_96 hpf_20 Gy\Aufnahme-173124-0857.JPG,True,711.3381248148481,142.1560737991289,5.003923545468706,1,40.98251097196167,,0.005335365853658537,57981,
2022-12-07,10:39:21.695662,True,Surv 6_96 hpf_20 Gy\Aufnahme-173927-0947.JPG,True,588.028549515561,141.1165192287575,4.166971753054191,1,25.366526087876384,,0.00539291217257319,50194,
2022-12-07,10:39:28.653581,True,Surv 6_96 hpf_5 Gy\Aufnahme-164706-0553.JPG,True,766.1027022381234,96.6799254225214,7.924113500191646,2,73.9781280088049,65.40786991062335,0.005311077389984826,42071,
2022-12-07,10:39:36.669386,True,Surv 6_96 hpf_5 Gy\Aufnahme-164709-0554.JPG,True,795.4064161821517,133.03569502630472,5.978894732161008,2,62.256813617161505,89.02090630043647,0.005311077389984826,48538,
2022-12-07,10:39:43.160448,True,Surv 6_96 hpf_5 Gy\Aufnahme-164719-0556.JPG,True,795.9630136695754,99.27882939330107,8.01744962681121,2,63.451998378257535,65.51317101782722,0.0053435114503816794,42596,
2022-12-07,10:39:50.065735,False,Surv 6_96 hpf_5 Gy\Aufnahme-164723-0557.JPG,False,,,,0,,,0.005384615384615384,,
2022-12-07,10:39:56.128746,False,Surv 6_96 hpf_5 Gy\Aufnahme-164727-0558.JPG,True,,,,0,,,0.005319148936170213,,
2022-12-07,10:40:01.679962,False,Surv 6_96 hpf_5 Gy\Aufnahme-164809-0564.JPG,True,,,,0,,,0.0053435114503816794,,
2022-12-07,10:40:06.902329,False,Surv 6_96 hpf_5 Gy\Aufnahme-164812-0565.JPG,False,,,,0,,,0.005335365853658537,,
2022-12-07,10:40:13.296551,True,Surv 6_96 hpf_5 Gy\Aufnahme-164816-0566.JPG,True,709.2365275878769,97.74427049151406,7.25604195541519,2,66.07942377008528,64.70555627768967,0.005319148936170213,41825,
2022-12-07,10:40:19.627867,True,Surv 6_96 hpf_5 Gy\Aufnahme-164820-0567.JPG,True,835.1634385055826,101.86085036813238,8.19906210764236,2,66.529641759581,66.75693326618685,0.00539291217257319,44443,
2022-12-07,10:40:26.627551,True,Surv 6_96 hpf_5 Gy\Aufnahme-164823-0568.JPG,True,730.4869702824036,103.6266433395946,7.049219647967624,2,64.48021313835524,64.21977498387119,0.005311077389984826,46152,
2022-12-07,10:40:33.973553,True,Surv 6_96 hpf_5 Gy\Aufnahme-164902-0573.JPG,True,851.2777630881092,110.17305604102894,7.726732775489948,2,62.69109365811522,67.32526380016296,0.005311077389984826,47385,
2022-12-07,10:40:40.158812,True,Surv 6_96 hpf_5 Gy\Aufnahme-164907-0574.JPG,True,785.0838618743886,96.6696408182265,8.12130732285048,2,60.26301511318528,62.95444287727152,0.00539291217257319,40651,
2022-12-07,10:40:46.434814,True,Surv 6_96 hpf_5 Gy\Aufnahme-164911-0575.JPG,True,893.1227038046916,105.0439644324848,8.502370494391716,2,68.21844046814714,67.46322637482163,0.005287009063444109,50519,
2022-12-07,10:40:53.186815,False,Surv 6_96 hpf_5 Gy\Aufnahme-164915-0576.JPG,False,,,,0,,,0.0053435114503816794,,
2022-12-07,10:41:02.865813,True,Surv 6_96 hpf_5 Gy\Aufnahme-164919-0577.JPG,True,818.8312951985374,104.59982001752925,7.828228529086517,2,66.60354661342554,67.39199058888978,0.005216095380029807,49104,
2022-12-07,10:41:08.863814,True,Surv 6_96 hpf_KO\Aufnahme-163504-0457.JPG,True,770.2566239747781,102.2149806954559,7.535652980943339,2,63.35772416162416,59.30144544452726,0.00523168908819133,40377,
2022-12-07,10:41:15.422815,True,Surv 6_96 hpf_KO\Aufnahme-163509-0458.JPG,True,746.9036886474605,100.1193477155657,7.460133387698233,2,66.24296890771801,64.5808961618374,0.005376344086021506,36773,
2022-12-07,10:41:22.585814,False,Surv 6_96 hpf_KO\Aufnahme-163543-0459.JPG,False,,,,0,,,0.005239520958083832,,
2022-12-07,10:41:28.503811,False,Surv 6_96 hpf_KO\Aufnahme-163547-0460.JPG,True,,,,0,,,0.005335365853658537,,
2022-12-07,10:41:34.402814,True,Surv 6_96 hpf_KO\Aufnahme-163550-0461.JPG,True,755.2815228054712,106.11485248850161,7.117585381248229,1,21.151649700159304,,0.005368098159509203,49447,
2022-12-07,10:41:41.122813,True,Surv 6_96 hpf_KO\Aufnahme-163622-0467.JPG,True,796.0392736600684,103.09826635059758,7.721170314862955,2,57.627199686995645,65.42818634772313,0.005271084337349397,41629,
2022-12-07,10:41:48.398277,True,Surv 6_96 hpf_KO\Aufnahme-163626-0468.JPG,True,789.4947272588734,99.01611828718966,7.9733960582962515,2,69.01346718952763,69.09479457980385,0.005216095380029807,43059,
2022-12-07,10:41:55.569851,True,Surv 6_96 hpf_KO\Aufnahme-163629-0469.JPG,True,763.6459338204719,94.380453597279,8.091144985157053,2,71.68642409747916,68.54988408435908,0.005239520958083832,39487,
2022-12-07,10:42:04.245811,True,Surv 6_96 hpf_KO\Aufnahme-163709-0471.JPG,True,691.4962330128776,177.1577434770385,3.9032797519375872,2,69.5488693037009,65.00767173632671,0.005311077389984826,51550,
2022-12-07,10:42:09.940841,True,Surv 6_96 hpf_KO\Aufnahme-163748-0477.JPG,True,769.7297930055538,104.65370183408703,7.355017352619275,2,60.44847516902439,64.1679197990521,0.005359877488514548,42627,
2022-12-07,10:42:17.234195,True,Surv 6_96 hpf_KO\Aufnahme-163752-0478.JPG,True,812.2348768922046,102.71595516502742,7.907582376927096,2,71.25469033892414,67.50384370982331,0.005417956656346749,41920,
2022-12-07,10:42:26.639819,True,Surv 6_96 hpf_KO\Aufnahme-163756-0479.JPG,True,785.5319237268085,97.95062043856386,8.019672771950498,2,64.33478146445538,59.937007446212895,0.005351681957186544,39341,
2022-12-07,10:42:33.625812,True,Surv 6_96 hpf_KO\Aufnahme-163800-0480.JPG,True,759.7648283308412,96.71294472834299,7.855875244673242,2,68.15946902543891,68.93714496017333,0.0053435114503816794,41742,
2022-12-07,10:42:41.067346,True,Surv 6_96 hpf_KO\Aufnahme-163804-0481.JPG,True,731.2874739173144,153.64182217949113,4.759690190754131,2,69.9982446687046,67.6074477742596,0.005303030303030303,53566,
,,,END OF BATCH Surv 6 96hpf,,,,,,,,,,
2022-12-07,11:05:47.182866,True,Surv 6_120 hpf_10 Gy\Aufnahme-102546-0006.JPG,True,803.1296504147923,101.61057968861265,7.903996344435755,2,59.83903087798427,54.73083356047711,0.005239520958083832,42117,
2022-12-07,11:05:52.994537,True,Surv 6_120 hpf_10 Gy\Aufnahme-102549-0007.JPG,True,735.087239192546,108.27003045521961,6.7893879414449545,2,61.22865693770183,73.55990592879479,0.00532724505327245,41466,
2022-12-07,11:05:58.442711,True,Surv 6_120 hpf_10 Gy\Aufnahme-102552-0008.JPG,True,810.1478321582894,102.4317097837538,7.9091507294822385,2,63.16173584020543,59.306126881338585,0.005255255255255256,40753,
2022-12-07,11:06:04.403903,True,Surv 6_120 hpf_10 Gy\Aufnahme-102554-0009.JPG,True,893.3967296162269,107.21807516152941,8.332519757235708,2,60.11754615890071,62.58455747589203,0.005271084337349397,47547,
2022-12-07,11:06:12.597225,True,Surv 6_120 hpf_10 Gy\Aufnahme-102558-0010.JPG,True,721.6863524355172,161.94328923323437,4.456414068483741,2,50.943602851478786,53.109557167241356,0.005247376311844078,75633,
2022-12-07,11:06:20.270271,True,Surv 6_120 hpf_10 Gy\Aufnahme-102634-0021.JPG,True,802.8159157840089,115.46214340942217,6.953066105288462,2,65.83402123936511,65.30558456682175,0.005417956656346749,45944,
2022-12-07,11:06:29.260202,True,Surv 6_120 hpf_10 Gy\Aufnahme-102637-0022.JPG,True,783.775193286393,112.78606987215926,6.949219829849435,2,65.43664429790675,64.09202991511896,0.0053435114503816794,44099,
2022-12-07,11:06:38.352359,True,Surv 6_120 hpf_10 Gy\Aufnahme-102640-0023.JPG,True,750.4783687490476,99.19852713681333,7.5654184634616355,2,60.25916636438213,63.285077207766044,0.0053435114503816794,42237,
2022-12-07,11:06:45.431659,False,Surv 6_120 hpf_10 Gy\Aufnahme-102650-0024.JPG,False,,,,0,,,0.005319148936170213,,
2022-12-07,11:06:52.464726,True,Surv 6_120 hpf_10 Gy\Aufnahme-102654-0025.JPG,True,816.2734661795278,123.05259339578366,6.633533220661866,2,61.79976392681694,60.02776139649165,0.005351681957186544,48993,
2022-12-07,11:07:04.166759,True,Surv 6_120 hpf_10 Gy\Aufnahme-102657-0026.JPG,True,724.3938461334891,111.07077105709413,6.521912463911195,2,61.429805317313836,65.57641385060948,0.005311077389984826,46009,
2022-12-07,11:07:12.209662,True,Surv 6_120 hpf_10 Gy\Aufnahme-102659-0027.JPG,True,812.4723541968093,107.00244053985037,7.593026384236763,2,55.855869143210256,,0.005303030303030303,47727,
2022-12-07,11:07:19.367310,True,Surv 6_120 hpf_10 Gy\Aufnahme-102701-0028.JPG,True,802.1734137112019,108.77107945595182,7.374877749889866,2,63.508900950021484,64.48556441246478,0.005247376311844078,48982,
2022-12-07,11:07:25.472405,True,Surv 6_120 hpf_10 Gy\Aufnahme-102704-0029.JPG,True,807.0027934755493,132.08447414113442,6.109747559075366,2,65.11706066234464,60.24827298272738,0.00532724505327245,49637,
2022-12-07,11:07:31.532917,True,Surv 6_120 hpf_10 Gy\Aufnahme-102707-0030.JPG,True,759.8792214646512,106.93604846155122,7.105922019718778,2,72.43001007600931,59.90540868296899,0.005401234567901234,45831,
2022-12-07,11:07:37.747501,False,Surv 6_120 hpf_15 Gy\Aufnahme-103226-0007.JPG,True,,,,0,,,0.00532724505327245,,
2022-12-07,11:07:43.297427,True,Surv 6_120 hpf_15 Gy\Aufnahme-103228-0008.JPG,True,365.07067255580023,147.90188542637347,2.4683300791154204,1,46.98966911396666,,0.005335365853658537,37114,
2022-12-07,11:07:53.343563,False,Surv 6_120 hpf_15 Gy\Aufnahme-103231-0009.JPG,True,,,,0,,,0.005287009063444109,,
2022-12-07,11:08:00.526237,True,Surv 6_120 hpf_15 Gy\Aufnahme-103235-0010.JPG,True,668.8428453669893,144.32268406570563,4.63435702915895,1,37.27561535934046,,0.005263157894736842,60679,
2022-12-07,11:08:09.200123,True,Surv 6_120 hpf_15 Gy\Aufnahme-103238-0011.JPG,True,642.5417354390717,148.786523458463,4.318547947109277,1,39.33216249793534,,0.005239520958083832,65751,
2022-12-07,11:08:15.581892,False,Surv 6_120 hpf_15 Gy\Aufnahme-103330-0021.JPG,False,,,,0,,,0.00523168908819133,,
2022-12-07,11:08:22.041058,True,Surv 6_120 hpf_15 Gy\Aufnahme-103333-0022.JPG,True,636.4360823678239,114.7922047271796,5.544244784568839,2,42.95382113951543,48.24250014294386,0.005247376311844078,45141,
2022-12-07,11:08:28.075437,True,Surv 6_120 hpf_15 Gy\Aufnahme-103336-0023.JPG,True,596.5549894203041,123.4273727651522,4.833247083330385,2,45.261225946159655,56.81506642267415,0.005311077389984826,47475,
2022-12-07,11:08:35.592698,False,Surv 6_120 hpf_15 Gy\Aufnahme-103348-0024.JPG,True,,,,0,,,0.005368098159509203,,
2022-12-07,11:08:40.882977,True,Surv 6_120 hpf_15 Gy\Aufnahme-103352-0025.JPG,True,612.5675292312434,137.7035365574034,4.448451685014547,1,43.139581055413146,,0.005376344086021506,50869,
2022-12-07,11:08:48.819944,True,Surv 6_120 hpf_15 Gy\Aufnahme-103355-0026.JPG,True,413.08996143993767,120.95185474392817,3.415325563336803,1,28.78035757186111,,0.005287009063444109,35397,
2022-12-07,11:08:54.746142,True,Surv 6_120 hpf_15 Gy\Aufnahme-103359-0027.JPG,True,441.11838720986,129.47472919223566,3.4069844359737265,1,44.7176290472112,,0.005147058823529412,37806,
2022-12-07,11:09:01.087402,False,Surv 6_120 hpf_15 Gy\Aufnahme-103402-0028.JPG,True,,,,0,,,0.005287009063444109,,
2022-12-07,11:09:08.288357,True,Surv 6_120 hpf_15 Gy\Aufnahme-103404-0029.JPG,True,722.5702565501218,144.66430901841017,4.994806676594754,2,44.24971115567022,55.17933279830007,0.005417956656346749,64939,
2022-12-07,11:09:15.598805,True,Surv 6_120 hpf_15 Gy\Aufnahme-103406-0030.JPG,True,472.23261700235935,139.7095633548226,3.380102304113733,1,43.181679216573094,,0.005351681957186544,45780,
2022-12-07,11:09:24.469872,True,Surv 6_120 hpf_20 Gy\Aufnahme-104153-0006.JPG,True,717.267726640387,141.72224370471434,5.061080800659997,2,33.94371462519106,40.24718944743924,0.00523168908819133,64788,
2022-12-07,11:09:32.022975,False,Surv 6_120 hpf_20 Gy\Aufnahme-104156-0007.JPG,True,,,,0,,,0.005247376311844078,,
2022-12-07,11:09:38.028399,True,Surv 6_120 hpf_20 Gy\Aufnahme-104158-0008.JPG,True,564.0822265114182,147.38871555432164,3.8271737723606107,1,34.032142434207195,,0.0053435114503816794,49073,
2022-12-07,11:09:44.310651,False,Surv 6_120 hpf_20 Gy\Aufnahme-104200-0009.JPG,False,,,,0,,,0.005303030303030303,,
2022-12-07,11:09:51.134472,False,Surv 6_120 hpf_20 Gy\Aufnahme-104203-0010.JPG,False,,,,0,,,0.005247376311844078,,
2022-12-07,11:09:57.386602,True,Surv 6_120 hpf_20 Gy\Aufnahme-104241-0021.JPG,True,545.7100824440006,146.61070370454985,3.7221708146474524,2,37.37507596460122,36.81861261481036,0.005311077389984826,51340,
2022-12-07,11:10:05.232273,True,Surv 6_120 hpf_20 Gy\Aufnahme-104244-0022.JPG,True,563.1417005315449,128.62224547531795,4.378260529121374,2,48.708024969879965,37.445113115648866,0.005247376311844078,48444,
2022-12-07,11:10:13.490064,True,Surv 6_120 hpf_20 Gy\Aufnahme-104246-0023.JPG,True,540.327008029836,197.75180898676325,2.7323492553537316,1,39.4914634781353,,0.005239520958083832,56151,
2022-12-07,11:10:19.658240,True,Surv 6_120 hpf_20 Gy\Aufnahme-104249-0024.JPG,True,732.2799265848149,132.23937455421785,5.537533197304875,1,36.6398539253368,,0.005368098159509203,63702,
2022-12-07,11:10:28.659008,True,Surv 6_120 hpf_20 Gy\Aufnahme-104305-0025.JPG,True,549.8262415762682,164.4665333969593,3.3430888960807486,1,39.92574632281555,,0.005303030303030303,50823,
2022-12-07,11:10:33.565626,True,Surv 6_120 hpf_20 Gy\Aufnahme-104308-0026.JPG,True,557.2190663073786,171.90760309514664,3.241386979254033,2,44.19742865351856,36.12236350702248,0.00539291217257319,53189,
2022-12-07,11:10:39.530391,False,Surv 6_120 hpf_20 Gy\Aufnahme-104312-0027.JPG,True,,,,0,,,0.005319148936170213,,
2022-12-07,11:10:46.218395,True,Surv 6_120 hpf_20 Gy\Aufnahme-104314-0028.JPG,True,667.8531356330351,153.56218604418507,4.3490728599088255,2,40.20071922166461,39.60816743769639,0.005303030303030303,62193,
2022-12-07,11:10:54.163834,True,Surv 6_120 hpf_20 Gy\Aufnahme-104318-0029.JPG,True,716.1392255626121,155.78879656284565,4.596859603275255,1,37.215598913197795,,0.005351681957186544,63088,
2022-12-07,11:11:03.338388,True,Surv 6_120 hpf_20 Gy\Aufnahme-104321-0030.JPG,True,632.8048899149074,121.44506630497493,5.2106265751940635,2,29.42216780444268,33.2731852039203,0.0054858934169279,50556,
2022-12-07,11:11:11.997341,False,Surv 6_120 hpf_5 Gy\Aufnahme-101656-0001.JPG,False,,,,0,,,0.005050505050505051,,
2022-12-07,11:11:19.759528,True,Surv 6_120 hpf_5 Gy\Aufnahme-101700-0002.JPG,True,872.82838948007,97.34383279710498,8.96644773890625,2,61.2304233326337,61.10539429093842,0.005319148936170213,47187,
2022-12-07,11:11:27.092737,True,Surv 6_120 hpf_5 Gy\Aufnahme-101703-0003.JPG,True,753.1079107783922,106.42902974109545,7.0761512400370465,2,70.10816541576776,63.202533929317916,0.005255255255255256,41940,
2022-12-07,11:11:34.184209,False,Surv 6_120 hpf_5 Gy\Aufnahme-101712-0006.JPG,False,,,,0,,,0.005208333333333333,,
2022-12-07,11:11:40.665452,True,Surv 6_120 hpf_5 Gy\Aufnahme-101715-0007.JPG,True,775.9514208780065,101.59246284617323,7.637883747861467,2,68.57432019913365,62.40508527169478,0.005351681957186544,40069,
2022-12-07,11:11:48.543953,True,Surv 6_120 hpf_5 Gy\Aufnahme-101718-0008.JPG,True,892.3040743231666,98.68735875346513,9.041726170342317,2,63.17603101812774,60.20925976130311,0.005239520958083832,47691,
2022-12-07,11:11:56.678312,True,Surv 6_120 hpf_5 Gy\Aufnahme-101721-0009.JPG,True,827.6364433690308,112.37038370782187,7.365254225001109,2,68.94502224050576,68.19800784905914,0.005279034690799397,46158,
2022-12-07,11:12:03.106755,True,Surv 6_120 hpf_5 Gy\Aufnahme-101724-0010.JPG,True,779.8671635481854,100.49294048189532,7.760417396570114,2,71.02695569120985,71.86286607782846,0.005319148936170213,41269,
2022-12-07,11:12:12.026643,True,Surv 6_120 hpf_5 Gy\Aufnahme-101812-0021.JPG,True,760.9643750475597,109.15458994891596,6.971437256130859,2,69.18308994125437,65.34921223769025,0.005208333333333333,45716,
2022-12-07,11:12:19.851940,True,Surv 6_120 hpf_5 Gy\Aufnahme-101815-0022.JPG,True,861.2298398268465,109.35335422741538,7.875660018949215,2,72.48605878089211,73.27844628780562,0.005368098159509203,46611,
2022-12-07,11:12:27.216453,True,Surv 6_120 hpf_5 Gy\Aufnahme-101818-0023.JPG,True,810.5090930982911,109.31400691261123,7.414503557135505,2,65.32731148241751,61.76673855687975,0.00523168908819133,46295,
2022-12-07,11:12:35.347020,True,Surv 6_120 hpf_5 Gy\Aufnahme-101821-0024.JPG,True,829.4935895416477,110.14106107228842,7.531193012542612,2,53.40869709330636,71.58766102728336,0.005303030303030303,44146,
2022-12-07,11:12:41.961602,True,Surv 6_120 hpf_5 Gy\Aufnahme-101837-0026.JPG,True,803.4469168717549,110.02186624320699,7.302611238167046,2,69.10206682784704,66.67041066338645,0.005417956656346749,44661,
2022-12-07,11:12:48.529536,True,Surv 6_120 hpf_5 Gy\Aufnahme-101841-0027.JPG,True,918.3290967877266,112.27581617861205,8.179224413980823,1,44.304397141632656,,0.005359877488514548,50531,
2022-12-07,11:12:55.438754,True,Surv 6_120 hpf_5 Gy\Aufnahme-101843-0028.JPG,True,891.6413526394336,113.73844349156155,7.83940174726926,2,66.2423734111723,68.77830553197366,0.005384615384615384,49656,
2022-12-07,11:13:03.736754,True,Surv 6_120 hpf_5 Gy\Aufnahme-101847-0029.JPG,True,812.4445259972484,118.26911039827586,6.86945664223997,2,69.7183396819755,68.91181304057037,0.005409582689335394,45725,
2022-12-07,11:13:11.561250,False,Surv 6_120 hpf_5 Gy\Aufnahme-101851-0030.JPG,True,,,,0,,,0.005311077389984826,,
2022-12-07,11:13:17.580671,True,Surv 6_120 hpf_KO\Aufnahme-095049-0006.JPG,True,847.2011645112938,98.8991357535358,8.566315145792414,2,65.46791608195838,69.64115298058626,0.005319148936170213,43604,
2022-12-07,11:13:23.951458,True,Surv 6_120 hpf_KO\Aufnahme-095056-0008.JPG,True,811.5781644198695,106.72347379035978,7.604495389777862,2,69.5394018989866,66.45656107897045,0.005368098159509203,48210,
2022-12-07,11:13:30.662248,True,Surv 6_120 hpf_KO\Aufnahme-095100-0009.JPG,True,698.6396690619255,101.93126064824857,6.854027553655394,2,69.62562330487387,68.7458068061151,0.005351681957186544,38545,
2022-12-07,11:13:38.423585,False,Surv 6_120 hpf_KO\Aufnahme-095116-0010.JPG,True,,,,0,,,0.00523168908819133,,
2022-12-07,11:13:47.094582,True,Surv 6_120 hpf_KO\Aufnahme-101005-0021.JPG,True,842.0951811781352,98.99923536897856,8.506077628171319,1,39.9440884506468,,0.005287009063444109,43536,
2022-12-07,11:13:53.227223,True,Surv 6_120 hpf_KO\Aufnahme-101016-0022.JPG,True,891.8849033388408,115.2528242316374,7.738508008674155,2,70.30559845946766,71.37832254971534,0.005263157894736842,48330,
2022-12-07,11:14:00.277016,True,Surv 6_120 hpf_KO\Aufnahme-101019-0023.JPG,True,907.8221595268055,107.25238083728416,8.464354380198701,2,73.13190076603186,73.31281715210666,0.005384615384615384,45526,
2022-12-07,11:14:12.453788,True,Surv 6_120 hpf_KO\Aufnahme-101024-0024.JPG,True,830.7955456886847,108.3185165579926,7.669930978457275,1,43.27796354785837,,0.00523168908819133,46032,
2022-12-07,11:14:23.082218,True,Surv 6_120 hpf_KO\Aufnahme-101027-0025.JPG,True,1074.5285026715806,114.03523333646446,9.422776375623762,2,73.29869057656111,71.12049259764896,0.005351681957186544,59425,
2022-12-07,11:14:31.728206,True,Surv 6_120 hpf_KO\Aufnahme-101030-0026.JPG,True,764.0605824250204,101.63582377531382,7.517630634982878,2,79.10779532151497,65.98561861474663,0.005384615384615384,38878,
2022-12-07,11:14:43.461900,True,Surv 6_120 hpf_KO\Aufnahme-101033-0027.JPG,True,800.2288385790163,101.12601651694045,7.913184619953495,2,69.21942174919232,68.73919273481076,0.005368098159509203,43867,
2022-12-07,11:14:50.982106,True,Surv 6_120 hpf_KO\Aufnahme-101037-0028.JPG,True,888.0361244282813,104.708881692648,8.48100094350099,2,73.0363768170315,69.5605675796268,0.0053435114503816794,47123,
2022-12-07,11:14:58.352798,True,Surv 6_120 hpf_KO\Aufnahme-101041-0029.JPG,True,844.9290584612211,98.88889451005937,8.544225948195542,2,66.4025942879836,68.55139176491139,0.005271084337349397,45089,
2022-12-07,11:15:05.090575,True,Surv 6_120 hpf_KO\Aufnahme-101044-0030.JPG,True,493.79736963028506,104.95571233005967,4.7048165237296935,2,62.14560605705781,66.47400079768974,0.005351681957186544,33943,
,,,END OF BATCH Surv 6 120hpf,,,,,,,,,,
2022-12-07,11:29:16.155434,True,Surv 7_96 hpf_10 Gy\Aufnahme-111341-0006.JPG,True,732.8900137769546,101.22528070046826,7.240187517440633,2,57.039791073874305,58.41202276599904,0.00529500756429652,38469,
2022-12-07,11:29:22.222433,True,Surv 7_96 hpf_10 Gy\Aufnahme-111344-0007.JPG,True,711.2810523353817,89.20517194211583,7.973540511719696,2,54.872784684144456,56.230601235904544,0.005368098159509203,34947,
2022-12-07,11:29:27.639433,True,Surv 7_96 hpf_10 Gy\Aufnahme-111347-0008.JPG,True,725.9179212848773,97.34360969604278,7.457273503125366,2,54.75596201281209,56.517823016577694,0.005255255255255256,37915,
2022-12-07,11:29:33.835432,False,Surv 7_96 hpf_10 Gy\Aufnahme-111351-0009.JPG,True,,,,0,,,0.005401234567901234,,
2022-12-07,11:29:39.872434,True,Surv 7_96 hpf_10 Gy\Aufnahme-111354-0010.JPG,True,760.3716735616447,103.6330541700984,7.337153957786542,2,57.4757230919499,57.375657397747126,0.00539291217257319,44814,
2022-12-07,11:29:45.228434,False,Surv 7_96 hpf_10 Gy\Aufnahme-111518-0026.JPG,True,,,,0,,,0.005443234836702955,,
2022-12-07,11:29:49.659434,True,Surv 7_96 hpf_10 Gy\Aufnahme-111521-0027.JPG,True,649.9384179730799,103.17087229853388,6.2996309277334275,2,55.603482294573,52.17409694032076,0.005384615384615384,44560,
2022-12-07,11:29:55.343434,True,Surv 7_96 hpf_10 Gy\Aufnahme-111524-0028.JPG,True,746.1916194139635,97.58279283572301,7.6467540816355735,2,51.323533013581184,57.62545813280511,0.005443234836702955,42962,
2022-12-07,11:30:00.977433,False,Surv 7_96 hpf_10 Gy\Aufnahme-111527-0029.JPG,False,,,,0,,,0.0051698670605613,,
2022-12-07,11:30:08.019740,True,Surv 7_96 hpf_10 Gy\Aufnahme-111530-0030.JPG,True,730.0463351745399,98.37821069157195,7.420813308582394,1,35.93182914667238,,0.005351681957186544,40833,
2022-12-07,11:30:15.298738,True,Surv 7_96 hpf_15 Gy\Aufnahme-113840-0006.JPG,True,613.8976851446259,118.04641448901624,5.200477183504347,1,42.92029476864136,,0.00532724505327245,45395,
2022-12-07,11:30:21.904764,True,Surv 7_96 hpf_15 Gy\Aufnahme-113843-0007.JPG,True,685.1797035677276,100.67267803410202,6.806014471330829,2,48.697228022981946,48.741861882361675,0.005335365853658537,40622,
2022-12-07,11:30:29.164451,False,Surv 7_96 hpf_15 Gy\Aufnahme-113846-0008.JPG,True,,,,0,,,0.005335365853658537,,
2022-12-07,11:30:35.003451,True,Surv 7_96 hpf_15 Gy\Aufnahme-113849-0009.JPG,True,625.173326668046,110.78330997544649,5.643208591678716,2,46.58981995464698,46.83739253211482,0.005208333333333333,38936,
2022-12-07,11:30:42.892451,True,Surv 7_96 hpf_15 Gy\Aufnahme-113851-0010.JPG,True,1027.6700460023274,136.50631902924013,7.528369772993416,2,45.00542239645947,45.563212477038576,0.005239520958083832,51858,
2022-12-07,11:30:49.068451,True,Surv 7_96 hpf_15 Gy\Aufnahme-113945-0026.JPG,True,671.8938565617344,91.46594324424284,7.345836414408,2,48.715208270639735,45.515597883881505,0.005311077389984826,34284,
2022-12-07,11:30:57.515461,True,Surv 7_96 hpf_15 Gy\Aufnahme-113948-0027.JPG,True,676.8254387658461,102.63659124139379,6.594387348406788,2,50.04809752891151,46.758338498783644,0.005351681957186544,43746,
2022-12-07,11:31:04.099452,True,Surv 7_96 hpf_15 Gy\Aufnahme-113950-0028.JPG,True,558.5441035514862,112.02186849942343,4.986027380487418,1,43.981692297396975,,0.005351681957186544,40350,
2022-12-07,11:31:11.124451,True,Surv 7_96 hpf_15 Gy\Aufnahme-113953-0029.JPG,True,736.5933564971916,101.71330504801702,7.24185843877022,2,45.928994872573504,47.91545361663869,0.005376344086021506,41066,
2022-12-07,11:31:17.777462,True,Surv 7_96 hpf_15 Gy\Aufnahme-113955-0030.JPG,True,673.0788901581643,105.35176990164042,6.3888712148506945,2,47.795320995697956,48.74138490969762,0.005368098159509203,38411,
2022-12-07,11:31:22.426062,False,Surv 7_96 hpf_20 Gy\Aufnahme-114610-0006.JPG,False,,,,0,,,0.005351681957186544,,
2022-12-07,11:31:27.347062,True,Surv 7_96 hpf_20 Gy\Aufnahme-114613-0007.JPG,True,716.1842967014848,96.25019347603164,7.440860852709143,2,45.152197505996845,40.96591544060289,0.005359877488514548,38227,
2022-12-07,11:31:31.816064,False,Surv 7_96 hpf_20 Gy\Aufnahme-114615-0008.JPG,False,,,,0,,,0.0053435114503816794,,
2022-12-07,11:31:36.981062,True,Surv 7_96 hpf_20 Gy\Aufnahme-114618-0009.JPG,True,537.4104066015385,117.39506677239233,4.577793781092007,2,43.056730953334885,38.31512317065057,0.005359877488514548,34944,
2022-12-07,11:31:42.452063,False,Surv 7_96 hpf_20 Gy\Aufnahme-114619-0010.JPG,True,,,,0,,,0.0053435114503816794,,
2022-12-07,11:31:47.424063,True,Surv 7_96 hpf_20 Gy\Aufnahme-114725-0026.JPG,True,579.0085037310528,124.84601222806953,4.63778132274915,2,36.24403473512664,35.138722627972854,0.005401234567901234,34417,
2022-12-07,11:31:52.628063,False,Surv 7_96 hpf_20 Gy\Aufnahme-114727-0027.JPG,True,,,,0,,,0.005335365853658537,,
2022-12-07,11:31:57.408064,True,Surv 7_96 hpf_20 Gy\Aufnahme-114731-0028.JPG,True,620.5525571425989,156.24328091332583,3.9717071576783085,2,37.208576764233435,33.26821184907091,0.00539291217257319,49812,
2022-12-07,11:32:03.936062,True,Surv 7_96 hpf_20 Gy\Aufnahme-114734-0029.JPG,True,671.9629089097753,143.42143948698504,4.685233332710716,1,38.38658186726018,,0.005359877488514548,56096,
2022-12-07,11:32:10.154064,True,Surv 7_96 hpf_20 Gy\Aufnahme-114737-0030.JPG,True,583.4429385377495,121.30563486689952,4.809693623696228,2,56.22818449474545,55.01154317443987,0.0053435114503816794,43840,
2022-12-07,11:32:16.547063,True,Surv 7_96 hpf_5 Gy\Aufnahme-110536-0006.JPG,True,630.1514815806873,251.04238893459106,2.5101397586878162,1,39.793552041075024,,0.005359877488514548,63515,
2022-12-07,11:32:22.701063,True,Surv 7_96 hpf_5 Gy\Aufnahme-110539-0007.JPG,True,741.7890760035676,103.13094960497331,7.192691222614284,2,63.087672241229534,61.43048839110946,0.005384615384615384,39576,
2022-12-07,11:32:28.763062,True,Surv 7_96 hpf_5 Gy\Aufnahme-110542-0008.JPG,True,763.0310275162828,103.40652261453816,7.378944850128889,2,65.98194871493436,60.02682351512909,0.005359877488514548,40964,
2022-12-07,11:32:35.044063,True,Surv 7_96 hpf_5 Gy\Aufnahme-110545-0009.JPG,True,735.4881860393303,98.50698292062017,7.466355828114321,2,62.813086154925074,59.54805615070856,0.00532724505327245,43740,
2022-12-07,11:32:43.695062,True,Surv 7_96 hpf_5 Gy\Aufnahme-110550-0010.JPG,True,727.3249361618637,98.90410564158672,7.353839675751959,2,70.32385965105664,64.76947984140368,0.005384615384615384,39739,
2022-12-07,11:32:49.782062,True,Surv 7_96 hpf_5 Gy\Aufnahme-110703-0026.JPG,True,728.502442057951,147.2587107713552,4.947092353599904,2,61.24199382950595,54.697609438450776,0.005434782608695652,56485,
2022-12-07,11:32:56.165066,True,Surv 7_96 hpf_5 Gy\Aufnahme-110705-0027.JPG,True,754.3355747148033,95.80421284061887,7.873720292130845,2,60.597269452205545,56.618840528970146,0.005351681957186544,39651,
2022-12-07,11:33:02.172063,True,Surv 7_96 hpf_5 Gy\Aufnahme-110709-0028.JPG,True,711.0703350228878,94.02448314535337,7.562608282819669,2,57.605212136666196,55.073480895309814,0.005401234567901234,38626,
2022-12-07,11:33:08.197097,False,Surv 7_96 hpf_5 Gy\Aufnahme-110711-0029.JPG,False,,,,0,,,0.005116959064327485,,
2022-12-07,11:33:14.756285,True,Surv 7_96 hpf_5 Gy\Aufnahme-110714-0030.JPG,True,754.0166396913133,108.4047329009806,6.955569369651505,2,62.00629687790805,57.7818209542775,0.00539291217257319,40995,
2022-12-07,11:33:19.029288,False,Surv 7_96 hpf_KO\Aufnahme-105728-0006.JPG,False,,,,0,,,0.00532724505327245,,
2022-12-07,11:33:24.030287,True,Surv 7_96 hpf_KO\Aufnahme-105731-0007.JPG,True,823.4133272356138,115.5233932299586,7.127676085453475,2,69.79268700602061,69.42145967188644,0.005279034690799397,47460,
2022-12-07,11:33:31.000325,True,Surv 7_96 hpf_KO\Aufnahme-105734-0008.JPG,True,843.4413124219789,107.43149510807459,7.850968764546082,2,69.72825654452929,69.2344904341069,0.00532724505327245,46957,
2022-12-07,11:33:37.669285,True,Surv 7_96 hpf_KO\Aufnahme-105737-0009.JPG,True,727.7103983894697,91.09475441835676,7.988499480962723,2,57.9686196820987,62.148890488683556,0.005368098159509203,35581,
2022-12-07,11:33:44.081286,False,Surv 7_96 hpf_KO\Aufnahme-105740-0010.JPG,True,,,,0,,,0.005351681957186544,,
2022-12-07,11:33:49.562589,True,Surv 7_96 hpf_KO\Aufnahme-105851-0026.JPG,True,755.9633246449868,108.18357118943622,6.987783046293115,2,60.15727942562158,61.704672965395716,0.00539291217257319,42889,
2022-12-07,11:33:55.633288,True,Surv 7_96 hpf_KO\Aufnahme-105854-0027.JPG,True,721.5939186274229,100.45429285782151,7.183305940431381,2,63.02632703522621,59.71682890280858,0.005384615384615384,41293,
2022-12-07,11:34:00.908285,True,Surv 7_96 hpf_KO\Aufnahme-105857-0028.JPG,True,767.9055755712571,105.58801892167064,7.272658237303608,2,62.51011211544617,60.46014551899721,0.005335365853658537,43198,
2022-12-07,11:34:06.543287,True,Surv 7_96 hpf_KO\Aufnahme-105900-0029.JPG,True,733.8330503556897,98.74837989326888,7.431342682774596,2,67.29117202684284,62.05039261616435,0.005368098159509203,43845,
2022-12-07,11:34:14.161333,True,Surv 7_96 hpf_KO\Aufnahme-105903-0030.JPG,True,823.7398295366055,104.70261102483578,7.867423949353201,2,62.09884201259049,88.40634027197987,0.005271084337349397,43521,
,,,END OF BATCH Surv 6 96hpf,,,,,,,,,,
2022-12-07,11:42:21.677235,True,Surv 7_120 hpf_10 Gy\Aufnahme-094059-0006.JPG,True,749.1474159715635,121.99916835066269,6.140594449121868,2,61.68008849878878,59.8862779417209,0.005443234836702955,48016,
2022-12-07,11:42:27.283235,True,Surv 7_120 hpf_10 Gy\Aufnahme-094102-0007.JPG,True,817.8312851516808,98.82020359948042,8.275952238130998,2,61.779805276279134,61.13994841644256,0.005239520958083832,45689,
2022-12-07,11:42:33.423236,True,Surv 7_120 hpf_10 Gy\Aufnahme-094105-0008.JPG,True,776.7816376526725,110.35344287944336,7.0390340109395115,2,56.89450159580834,,0.00523168908819133,51455,
2022-12-07,11:42:40.701243,True,Surv 7_120 hpf_10 Gy\Aufnahme-094111-0009.JPG,True,849.2834974428035,100.76622369757915,8.42825568209923,2,82.41261245450173,65.7408154305248,0.0053435114503816794,46263,
2022-12-07,11:42:46.678236,True,Surv 7_120 hpf_10 Gy\Aufnahme-094117-0010.JPG,True,813.835245191084,120.73036210992422,6.740932694710982,2,58.91091082630917,66.88143481988816,0.005443234836702955,48553,
2022-12-07,11:42:52.843261,True,Surv 7_120 hpf_10 Gy\Aufnahme-094655-0021.JPG,True,828.8368241791644,95.28674504483467,8.698343340295411,2,64.14628890175317,61.85372741585085,0.00523168908819133,43148,
2022-12-07,11:42:59.131238,False,Surv 7_120 hpf_10 Gy\Aufnahme-094701-0022.JPG,True,,,,0,,,0.005368098159509203,,
2022-12-07,11:43:06.694712,False,Surv 7_120 hpf_10 Gy\Aufnahme-094704-0023.JPG,True,,,,0,,,0.005351681957186544,,
2022-12-07,11:43:12.668351,True,Surv 7_120 hpf_10 Gy\Aufnahme-094708-0024.JPG,True,678.84803578881,186.12374330651963,3.647294126632961,2,62.53135389600694,59.553214296844914,0.005185185185185185,71592,
2022-12-07,11:43:18.967577,True,Surv 7_120 hpf_10 Gy\Aufnahme-094718-0025.JPG,True,765.7202890357747,111.85935504462981,6.845384444870673,2,55.66120017591487,64.654060323981,0.00539291217257319,45953,
2022-12-07,11:43:25.849577,True,Surv 7_120 hpf_10 Gy\Aufnahme-094727-0027.JPG,True,824.657299579545,107.38796780497633,7.67923368358341,2,61.787439700196856,63.29398157739273,0.005319148936170213,46260,
2022-12-07,11:43:32.164578,False,Surv 7_120 hpf_10 Gy\Aufnahme-094730-0028.JPG,True,,,,0,,,0.005384615384615384,,
2022-12-07,11:43:37.776615,True,Surv 7_120 hpf_10 Gy\Aufnahme-094734-0029.JPG,True,753.1150409682876,100.36541088609596,7.503730959892078,2,59.160352055343644,57.11830497333434,0.005208333333333333,44069,
2022-12-07,11:43:45.563578,True,Surv 7_120 hpf_10 Gy\Aufnahme-094737-0030.JPG,True,853.034257916031,104.48619768478467,8.164085561707164,2,62.03260436594642,63.813544396809135,0.0051928783382789315,50276,
2022-12-07,11:43:54.745576,True,Surv 7_120 hpf_10 Gy\Aufnahme-094740-0031.JPG,True,864.0641721043761,226.72229700829126,3.8111124644823846,2,54.39218307949512,55.70688414898443,0.005255255255255256,53416,
2022-12-07,11:44:02.610577,True,Surv 7_120 hpf_15 Gy\Aufnahme-102024-0006.JPG,True,692.0541801221564,141.36871401531596,4.895384278923121,2,47.72841931102515,,0.005239520958083832,56168,
2022-12-07,11:44:07.975579,False,Surv 7_120 hpf_15 Gy\Aufnahme-102026-0007.JPG,True,,,,0,,,0.00532724505327245,,
2022-12-07,11:44:13.363578,True,Surv 7_120 hpf_15 Gy\Aufnahme-102029-0008.JPG,True,594.510034601079,157.5367886387579,3.7737854106213193,1,45.13599444002161,,0.005335365853658537,49035,
2022-12-07,11:44:20.049579,True,Surv 7_120 hpf_15 Gy\Aufnahme-102032-0009.JPG,True,650.8032694579696,152.25067590166063,4.2745509378121005,1,41.02351681559877,,0.0053435114503816794,62173,
2022-12-07,11:44:25.559659,False,Surv 7_120 hpf_15 Gy\Aufnahme-102034-0010.JPG,True,,,,0,,,0.00523168908819133,,
2022-12-07,11:44:32.764021,True,Surv 7_120 hpf_15 Gy\Aufnahme-102112-0021.JPG,True,677.3421682528597,138.6439706658606,4.885478719339989,1,25.939410693269235,,0.005351681957186544,55436,
2022-12-07,11:44:41.184476,False,Surv 7_120 hpf_15 Gy\Aufnahme-102115-0022.JPG,True,,,,0,,,0.005351681957186544,,
2022-12-07,11:44:48.394064,True,Surv 7_120 hpf_15 Gy\Aufnahme-102118-0023.JPG,True,735.9437482746918,149.42580901242601,4.925144813594363,2,52.203030994970185,44.55264052986222,0.00539291217257319,62440,
2022-12-07,11:44:55.056082,True,Surv 7_120 hpf_15 Gy\Aufnahme-102129-0024.JPG,True,744.4604596442833,134.1684114659684,5.548701452972889,2,49.504798215754704,53.841955404399506,0.005368098159509203,61037,
2022-12-07,11:45:01.910173,False,Surv 7_120 hpf_15 Gy\Aufnahme-102132-0025.JPG,True,,,,0,,,0.005376344086021506,,
2022-12-07,11:45:12.371462,False,Surv 7_120 hpf_15 Gy\Aufnahme-102134-0026.JPG,True,,,,0,,,0.005443234836702955,,
2022-12-07,11:45:21.826422,True,Surv 7_120 hpf_15 Gy\Aufnahme-102137-0027.JPG,True,600.571154984387,134.28251530190323,4.472444931748124,1,43.00718113983928,,0.005351681957186544,47663,
2022-12-07,11:45:28.371858,True,Surv 7_120 hpf_15 Gy\Aufnahme-102140-0028.JPG,True,371.08553639472785,134.54987837816793,2.757977494054281,1,45.83313005130653,,0.005384615384615384,32435,
2022-12-07,11:45:37.041562,True,Surv 7_120 hpf_15 Gy\Aufnahme-102142-0029.JPG,True,629.8924427495889,165.32439939593115,3.8100392020241105,1,38.83034985872668,,0.005271084337349397,59576,
2022-12-07,11:45:43.664265,True,Surv 7_120 hpf_15 Gy\Aufnahme-102145-0030.JPG,True,926.4422267309747,173.974402889494,5.325163997369413,1,23.37856431577886,,0.005303030303030303,92850,
2022-12-07,11:45:49.005430,False,Surv 7_120 hpf_20 Gy\Aufnahme-102702-0006.JPG,False,,,,0,,,0.005351681957186544,,
2022-12-07,11:45:54.949785,True,Surv 7_120 hpf_20 Gy\Aufnahme-102704-0007.JPG,True,656.262770701846,138.1378878572935,4.7507804041409205,2,45.76551228244821,42.77618662943331,0.005351681957186544,57503,
2022-12-07,11:46:00.562827,True,Surv 7_120 hpf_20 Gy\Aufnahme-102707-0008.JPG,True,746.0197488988151,128.307383397624,5.814316597719894,2,31.636840934404674,36.41126199530308,0.005311077389984826,57209,
2022-12-07,11:46:06.372559,True,Surv 7_120 hpf_20 Gy\Aufnahme-102710-0009.JPG,True,540.1213118995289,156.04471323406096,3.461324005827535,1,30.121365620495503,,0.005335365853658537,50913,
2022-12-07,11:46:12.199034,True,Surv 7_120 hpf_20 Gy\Aufnahme-102713-0010.JPG,True,627.9838322303841,145.44351537116563,4.317716266880625,1,24.736824146299025,,0.005359877488514548,59562,
2022-12-07,11:46:18.542513,True,Surv 7_120 hpf_20 Gy\Aufnahme-102757-0021.JPG,True,615.9267738400778,133.43164842701407,4.616047100527161,2,48.302295505222794,42.03817337269122,0.0053435114503816794,51329,
2022-12-07,11:46:24.814195,True,Surv 7_120 hpf_20 Gy\Aufnahme-102759-0022.JPG,True,513.6255722801764,197.62033777959635,2.59905219296314,1,40.04437520197749,,0.005368098159509203,49976,
2022-12-07,11:46:34.214693,True,Surv 7_120 hpf_20 Gy\Aufnahme-102801-0023.JPG,True,555.9375363113908,139.95519164114452,3.9722537605954327,1,32.335702276163914,,0.0053435114503816794,45495,
2022-12-07,11:46:41.008999,True,Surv 7_120 hpf_20 Gy\Aufnahme-102804-0024.JPG,True,567.9776624918239,131.30594540998962,4.325605064708767,2,42.97194439219011,42.811659843088144,0.005279034690799397,48852,
2022-12-07,11:46:47.213914,True,Surv 7_120 hpf_20 Gy\Aufnahme-102814-0025.JPG,True,738.8216360037624,131.22965403726988,5.629989970056108,2,34.19262467090861,41.17570213810493,0.005351681957186544,66493,
2022-12-07,11:46:54.685130,True,Surv 7_120 hpf_20 Gy\Aufnahme-102817-0026.JPG,True,580.2261799713019,154.32359593350708,3.7598020993581702,2,40.25008844566997,,0.005351681957186544,53735,
2022-12-07,11:47:04.083101,True,Surv 7_120 hpf_20 Gy\Aufnahme-102819-0027.JPG,True,700.7924916985461,215.69185938971913,3.249044695898009,1,39.1532743059485,,0.005247376311844078,79559,
2022-12-07,11:47:12.176755,False,Surv 7_120 hpf_20 Gy\Aufnahme-102821-0028.JPG,True,,,,0,,,0.005351681957186544,,
2022-12-07,11:47:17.829060,False,Surv 7_120 hpf_20 Gy\Aufnahme-102824-0029.JPG,True,,,,0,,,0.005384615384615384,,
2022-12-07,11:47:23.822525,True,Surv 7_120 hpf_20 Gy\Aufnahme-102827-0030.JPG,True,597.3366312026905,129.21759469345304,4.622719008349993,2,35.119538341214515,,0.005319148936170213,48668,
2022-12-07,11:47:28.992271,True,Surv 7_120 hpf_5 Gy\Aufnahme-093301-0006.JPG,True,804.0727213876556,109.3218584947334,7.355095609048687,2,72.093517395247,71.99091943893373,0.005401234567901234,45438,
2022-12-07,11:47:37.940238,True,Surv 7_120 hpf_5 Gy\Aufnahme-093304-0007.JPG,True,978.9566739962056,107.47677647599814,9.108541455137777,2,71.0754675603595,68.90760829264356,0.005368098159509203,51793,
2022-12-07,11:47:50.516146,True,Surv 7_120 hpf_5 Gy\Aufnahme-093307-0008.JPG,True,804.383548410391,112.20235169125979,7.169043574271624,2,69.60954265792189,67.61637322757244,0.0052238805970149255,49489,
2022-12-07,11:48:02.022504,True,Surv 7_120 hpf_5 Gy\Aufnahme-093310-0009.JPG,True,914.6030379127961,109.57281872272495,8.346988318582985,2,72.40653103368552,73.80838280302085,0.005335365853658537,50330,
2022-12-07,11:48:10.135868,False,Surv 7_120 hpf_5 Gy\Aufnahme-093313-0010.JPG,True,,,,0,,,0.00539291217257319,,
2022-12-07,11:48:16.296854,True,Surv 7_120 hpf_5 Gy\Aufnahme-093359-0021.JPG,True,807.7824949239454,106.79683325564271,7.563730780203311,1,42.62031169738998,,0.005368098159509203,44152,
2022-12-07,11:48:26.813510,True,Surv 7_120 hpf_5 Gy\Aufnahme-093402-0022.JPG,True,915.2178726582265,108.6802881332779,8.421194757377412,2,71.72123714628165,68.47884276846082,0.005239520958083832,47309,
2022-12-07,11:48:37.758336,True,Surv 7_120 hpf_5 Gy\Aufnahme-093405-0023.JPG,True,817.355277972854,95.74575060632372,8.53672641132201,2,70.59430820414707,70.0370301068336,0.00539291217257319,40515,
2022-12-07,11:48:44.786772,False,Surv 7_120 hpf_5 Gy\Aufnahme-093417-0024.JPG,False,,,,0,,,0.00539291217257319,,
2022-12-07,11:48:50.841009,True,Surv 7_120 hpf_5 Gy\Aufnahme-093420-0025.JPG,True,975.1118707978757,102.70163853775495,9.494608700321828,1,42.32770236594501,,0.005368098159509203,52649,
2022-12-07,11:48:56.110519,True,Surv 7_120 hpf_5 Gy\Aufnahme-093423-0026.JPG,True,819.6538535548763,99.93340814959913,8.2020003993846,2,70.662951557952,67.93931946555861,0.005376344086021506,46178,
2022-12-07,11:49:04.950150,False,Surv 7_120 hpf_5 Gy\Aufnahme-093426-0027.JPG,True,,,,0,,,0.005116959064327485,,
2022-12-07,11:49:09.863199,True,Surv 7_120 hpf_5 Gy\Aufnahme-093429-0028.JPG,True,893.942950455888,101.9564805306869,8.76788749280953,2,67.02509500375702,63.084073404636825,0.005384615384615384,45782,
2022-12-07,11:49:15.916788,True,Surv 7_120 hpf_5 Gy\Aufnahme-093432-0029.JPG,True,819.2755201201262,103.2166995598324,7.937431865327282,2,57.305510844546184,66.61170827208267,0.00539291217257319,42935,
2022-12-07,11:49:24.166831,True,Surv 7_120 hpf_5 Gy\Aufnahme-093435-0030.JPG,True,863.055964822162,104.28186684538012,8.276184450186575,2,71.06448857762575,72.71700820979243,0.005311077389984826,47986,
2022-12-07,11:49:30.842778,True,Surv 7_120 hpf_KO\Aufnahme-092447-0011.JPG,True,825.4514789256431,101.44537993623321,8.136905588450725,2,70.48779522901567,72.34759808083386,0.005287009063444109,46710,
2022-12-07,11:49:39.217506,True,Surv 7_120 hpf_KO\Aufnahme-092501-0012.JPG,True,923.2809351707821,100.71170494897018,9.167563349648397,2,72.87785431612703,71.19189311241122,0.005426356589147287,48103,
2022-12-07,11:49:44.593817,False,Surv 7_120 hpf_KO\Aufnahme-092507-0014.JPG,False,,,,0,,,0.005335365853658537,,
2022-12-07,11:49:51.992467,True,Surv 7_120 hpf_KO\Aufnahme-092513-0015.JPG,True,899.9825235093724,111.18681664348938,8.094327643133145,2,74.4508592254538,74.21289187513506,0.005426356589147287,49874,
2022-12-07,11:49:59.385794,True,Surv 7_120 hpf_KO\Aufnahme-092604-0026.JPG,True,930.8642580997171,94.77242428495339,9.822100311593553,1,35.46601922143229,,0.005335365853658537,47779,
2022-12-07,11:50:07.945241,True,Surv 7_120 hpf_KO\Aufnahme-092607-0027.JPG,True,842.217115138911,117.8478725831976,7.146646746162746,2,65.94961203079988,69.3020384690666,0.005351681957186544,50693,
2022-12-07,11:50:16.854628,False,Surv 7_120 hpf_KO\Aufnahme-092610-0028.JPG,True,,,,0,,,0.005368098159509203,,
2022-12-07,11:50:23.353914,True,Surv 7_120 hpf_KO\Aufnahme-092614-0029.JPG,True,872.2100431113354,98.21698487424447,8.880440019901851,2,59.589545662378335,64.32499045117854,0.00539291217257319,43826,
2022-12-07,11:50:29.097815,True,Surv 7_120 hpf_KO\Aufnahme-092617-0030.JPG,True,789.0332386399924,104.41548123227739,7.556669081328554,2,53.54922804670122,,0.00539291217257319,39691,
2022-12-07,11:50:35.547025,False,Surv 7_120 hpf_KO\Aufnahme-092620-0031.JPG,True,,,,0,,,0.005384615384615384,,
2022-12-07,11:50:43.121294,True,Surv 7_120 hpf_KO\Aufnahme-092623-0032.JPG,True,947.2539174867863,146.8134275911235,6.452093197666467,2,68.44399002833504,68.45319538894236,0.0053435114503816794,57320,
2022-12-07,11:50:53.261089,True,Surv 7_120 hpf_KO\Aufnahme-092627-0033.JPG,True,769.5551241071097,103.3871250438232,7.4434328624663335,2,65.56161049261489,63.816363640934114,0.005239520958083832,39088,
2022-12-07,11:51:00.643833,True,Surv 7_120 hpf_KO\Aufnahme-092630-0034.JPG,True,818.2361051846239,101.73117703540298,8.043120398576274,2,68.43895284288953,62.81592469887056,0.005351681957186544,42622,
2022-12-07,11:51:07.913693,True,Surv 7_120 hpf_KO\Aufnahme-092640-0035.JPG,True,818.5251177734257,98.44485593703605,8.314554478061737,2,69.39866708138037,67.54089514339228,0.005247376311844078,41562,
,,,END OF BATCH Surv 7 120hpf,,,,,,,,,,
